[{"model": "admin_interface.theme", "pk": 1, "fields": {"name": "Django", "active": true, "title": "Django administration", "title_color": "#F5DD5D", "title_visible": true, "logo": "", "logo_color": "#FFFFFF", "logo_visible": true, "favicon": "", "env_name": "", "env_color": "#E74C3C", "env_visible_in_header": true, "env_visible_in_favicon": true, "language_chooser_active": true, "language_chooser_display": "code", "css_header_background_color": "#0C4B33", "css_header_text_color": "#44B78B", "css_header_link_color": "#FFFFFF", "css_header_link_hover_color": "#C9F0DD", "css_module_background_color": "#44B78B", "css_module_text_color": "#FFFFFF", "css_module_link_color": "#FFFFFF", "css_module_link_hover_color": "#C9F0DD", "css_module_rounded_corners": true, "css_generic_link_color": "#0C3C26", "css_generic_link_hover_color": "#156641", "css_save_button_background_color": "#0C4B33", "css_save_button_background_hover_color": "#0C3C26", "css_save_button_text_color": "#FFFFFF", "css_delete_button_background_color": "#BA2121", "css_delete_button_background_hover_color": "#A41515", "css_delete_button_text_color": "#FFFFFF", "css": "", "related_modal_active": true, "related_modal_background_color": "#000000", "related_modal_background_opacity": "0.3", "related_modal_rounded_corners": true, "related_modal_close_button_visible": true, "list_filter_dropdown": false, "recent_actions_visible": true}}, {"model": "auth.user", "pk": 1, "fields": {"password": "pbkdf2_sha256$180000$OxmGYh0HG3iK$b4dfosWfmO2yMa6NY/NTOWGdbDJdV0/3fu0cI509cuw=", "last_login": "2020-05-31T16:27:12.389Z", "is_superuser": true, "username": "babette", "first_name": "", "last_name": "", "email": "babette@email.com", "is_staff": true, "is_active": true, "date_joined": "2020-05-12T00:56:52.162Z", "groups": [], "user_permissions": []}}, {"model": "sessions.session", "pk": "0nty0xef4xi0dqyuckeyx1yor49gjms2", "fields": {"session_data": "NTQ0YmE4NGJmZDRlZGRiN2MxNDUxZmJmNWVlODZlODBlNjcxM2Y5ZTp7Il9hdXRoX3VzZXJfaWQiOiIxIiwiX2F1dGhfdXNlcl9iYWNrZW5kIjoiZGphbmdvLmNvbnRyaWIuYXV0aC5iYWNrZW5kcy5Nb2RlbEJhY2tlbmQiLCJfYXV0aF91c2VyX2hhc2giOiI2MzkzYzA1OWQ2Y2IwMDM2YmU3MzIzMTllZTNmNDM4OTE2M2Q5YzczIn0=", "expire_date": "2020-06-14T16:27:12.526Z"}}, {"model": "sessions.session", "pk": "30me8vegavn5o1xp89dp9jsrgy91y17w", "fields": {"session_data": "MjM2YjMzYzg3OWQ4YTJkOWI0YzMzNDA4ODkwZmVjYTIxZTlkMjVlODp7Il9hdXRoX3VzZXJfaWQiOiIxIiwiX2F1dGhfdXNlcl9iYWNrZW5kIjoiZGphbmdvLmNvbnRyaWIuYXV0aC5iYWNrZW5kcy5Nb2RlbEJhY2tlbmQiLCJfYXV0aF91c2VyX2hhc2giOiIyYzVlNzI0YTdmNTQ4OTgwYzRjZmM5MjZkNGVmYTQxNmEwNDYwNDhjIn0=", "expire_date": "2020-06-11T08:21:44.220Z"}}, {"model": "sessions.session", "pk": "73b42ulgcpys0mb7b50qe4ldkpvyctt9", "fields": {"session_data": "NTQ0YmE4NGJmZDRlZGRiN2MxNDUxZmJmNWVlODZlODBlNjcxM2Y5ZTp7Il9hdXRoX3VzZXJfaWQiOiIxIiwiX2F1dGhfdXNlcl9iYWNrZW5kIjoiZGphbmdvLmNvbnRyaWIuYXV0aC5iYWNrZW5kcy5Nb2RlbEJhY2tlbmQiLCJfYXV0aF91c2VyX2hhc2giOiI2MzkzYzA1OWQ2Y2IwMDM2YmU3MzIzMTllZTNmNDM4OTE2M2Q5YzczIn0=", "expire_date": "2020-06-13T18:06:49.719Z"}}, {"model": "sessions.session", "pk": "a8sto37a4a214kp6v51m18yme1x59m3c", "fields": {"session_data": "MDU0OTVkNDZhNGUxZjg5ZjY5YWUyY2VjYzZiZmU4YzhhNjI1MGRhYjp7Il9hdXRoX3VzZXJfaWQiOiIxIiwiX2F1dGhfdXNlcl9iYWNrZW5kIjoiZGphbmdvLmNvbnRyaWIuYXV0aC5iYWNrZW5kcy5Nb2RlbEJhY2tlbmQiLCJfYXV0aF91c2VyX2hhc2giOiJiYzgzNTlkZDE4YzNiZTM1MGQ5ZGQ1ZjhhNGI4MDBlN2Y2MzZhMTdlIn0=", "expire_date": "2020-05-26T21:23:21.202Z"}}, {"model": "sessions.session", "pk": "as0r3afiib9wq7wa3zx45cj3n1nh89yz", "fields": {"session_data": "ZGMxNGEyYjQyNzFiYWU5Y2I4OGIxNjg5NWExYzQwYzI4ZGZiN2JhNDp7Il9hdXRoX3VzZXJfaWQiOiIxIiwiX2F1dGhfdXNlcl9iYWNrZW5kIjoiZGphbmdvLmNvbnRyaWIuYXV0aC5iYWNrZW5kcy5Nb2RlbEJhY2tlbmQiLCJfYXV0aF91c2VyX2hhc2giOiJkMTVlYzk1OGIzZmM3YjlkZThjMzFhNmZlNDVkODM4NWExNDdhNWFkIn0=", "expire_date": "2020-05-29T23:42:01.352Z"}}, {"model": "sessions.session", "pk": "c6d7n51syzte5or3hvdmzh4191zplvmy", "fields": {"session_data": "MDU0OTVkNDZhNGUxZjg5ZjY5YWUyY2VjYzZiZmU4YzhhNjI1MGRhYjp7Il9hdXRoX3VzZXJfaWQiOiIxIiwiX2F1dGhfdXNlcl9iYWNrZW5kIjoiZGphbmdvLmNvbnRyaWIuYXV0aC5iYWNrZW5kcy5Nb2RlbEJhY2tlbmQiLCJfYXV0aF91c2VyX2hhc2giOiJiYzgzNTlkZDE4YzNiZTM1MGQ5ZGQ1ZjhhNGI4MDBlN2Y2MzZhMTdlIn0=", "expire_date": "2020-05-26T21:25:57.908Z"}}, {"model": "sessions.session", "pk": "egzk86x36zn6iahaeb9dgxofbdjjnh6i", "fields": {"session_data": "MjM2YjMzYzg3OWQ4YTJkOWI0YzMzNDA4ODkwZmVjYTIxZTlkMjVlODp7Il9hdXRoX3VzZXJfaWQiOiIxIiwiX2F1dGhfdXNlcl9iYWNrZW5kIjoiZGphbmdvLmNvbnRyaWIuYXV0aC5iYWNrZW5kcy5Nb2RlbEJhY2tlbmQiLCJfYXV0aF91c2VyX2hhc2giOiIyYzVlNzI0YTdmNTQ4OTgwYzRjZmM5MjZkNGVmYTQxNmEwNDYwNDhjIn0=", "expire_date": "2020-06-10T18:59:23.945Z"}}, {"model": "sessions.session", "pk": "hhb1c6q9fjycofz637sf1h1yldqrbg27", "fields": {"session_data": "MDU0OTVkNDZhNGUxZjg5ZjY5YWUyY2VjYzZiZmU4YzhhNjI1MGRhYjp7Il9hdXRoX3VzZXJfaWQiOiIxIiwiX2F1dGhfdXNlcl9iYWNrZW5kIjoiZGphbmdvLmNvbnRyaWIuYXV0aC5iYWNrZW5kcy5Nb2RlbEJhY2tlbmQiLCJfYXV0aF91c2VyX2hhc2giOiJiYzgzNTlkZDE4YzNiZTM1MGQ5ZGQ1ZjhhNGI4MDBlN2Y2MzZhMTdlIn0=", "expire_date": "2020-05-26T22:10:55.427Z"}}, {"model": "sessions.session", "pk": "m1jvghouvkb48yra3drk095hmuiewwzd", "fields": {"session_data": "N2ExZWE2ZTQxNDlhYzAxMjZjZDgwNzMyYmM3NzRmZDExZDRkMjA2Nzp7Il9hdXRoX3VzZXJfaWQiOiIxIiwiX2F1dGhfdXNlcl9iYWNrZW5kIjoiZGphbmdvLmNvbnRyaWIuYXV0aC5iYWNrZW5kcy5Nb2RlbEJhY2tlbmQiLCJfYXV0aF91c2VyX2hhc2giOiJkMTUxZWI0ZTY2OGI4YmMyMmZhYWUxY2ZkNTM5MzFhZmYwNWI0NTFkIn0=", "expire_date": "2020-06-11T21:16:37.518Z"}}, {"model": "sessions.session", "pk": "x7imzhzj3b4u5klcmcrmc3ojp2v9luch", "fields": {"session_data": "MjM2YjMzYzg3OWQ4YTJkOWI0YzMzNDA4ODkwZmVjYTIxZTlkMjVlODp7Il9hdXRoX3VzZXJfaWQiOiIxIiwiX2F1dGhfdXNlcl9iYWNrZW5kIjoiZGphbmdvLmNvbnRyaWIuYXV0aC5iYWNrZW5kcy5Nb2RlbEJhY2tlbmQiLCJfYXV0aF91c2VyX2hhc2giOiIyYzVlNzI0YTdmNTQ4OTgwYzRjZmM5MjZkNGVmYTQxNmEwNDYwNDhjIn0=", "expire_date": "2020-06-11T08:23:11.796Z"}}, {"model": "blog.tag", "pk": 1, "fields": {"titre": "Sans porc", "status": true, "date_add": "2020-05-15T23:51:05.311Z", "date_update": "2020-05-15T23:51:05.311Z"}}, {"model": "blog.tag", "pk": 2, "fields": {"titre": "piments", "status": true, "date_add": "2020-05-15T23:53:25.438Z", "date_update": "2020-05-15T23:53:25.438Z"}}, {"model": "blog.tag", "pk": 3, "fields": {"titre": "curcuma", "status": true, "date_add": "2020-05-15T23:55:10.510Z", "date_update": "2020-05-15T23:55:10.511Z"}}, {"model": "blog.tag", "pk": 4, "fields": {"titre": "thym", "status": true, "date_add": "2020-05-15T23:55:48.519Z", "date_update": "2020-05-15T23:55:48.520Z"}}, {"model": "blog.tag", "pk": 5, "fields": {"titre": "gimgembres", "status": true, "date_add": "2020-05-15T23:55:59.368Z", "date_update": "2020-05-15T23:55:59.368Z"}}, {"model": "blog.tag", "pk": 6, "fields": {"titre": "sans viandes", "status": true, "date_add": "2020-05-15T23:59:02.932Z", "date_update": "2020-05-15T23:59:02.932Z"}}, {"model": "blog.tag", "pk": 7, "fields": {"titre": "cannelle", "status": true, "date_add": "2020-05-15T23:59:54.365Z", "date_update": "2020-05-15T23:59:54.366Z"}}, {"model": "blog.tag", "pk": 8, "fields": {"titre": "sucre diab\u00e9tique", "status": true, "date_add": "2020-05-16T00:04:23.828Z", "date_update": "2020-05-16T00:04:23.828Z"}}, {"model": "blog.tag", "pk": 9, "fields": {"titre": "serpents brais\u00e9s", "status": true, "date_add": "2020-05-16T00:06:45.960Z", "date_update": "2020-05-16T00:06:45.960Z"}}, {"model": "blog.tag", "pk": 10, "fields": {"titre": "caimans fum\u00e9s", "status": true, "date_add": "2020-05-16T00:07:36.702Z", "date_update": "2020-05-16T00:07:36.703Z"}}, {"model": "blog.tag", "pk": 11, "fields": {"titre": "c\u00e9r\u00e9ales", "status": true, "date_add": "2020-05-16T00:09:23.244Z", "date_update": "2020-05-16T00:09:23.244Z"}}, {"model": "blog.tag", "pk": 12, "fields": {"titre": "souris brais\u00e9s", "status": true, "date_add": "2020-05-16T00:09:35.370Z", "date_update": "2020-05-16T00:09:35.370Z"}}, {"model": "blog.tag", "pk": 13, "fields": {"titre": "z\u00e8bres fum\u00e9s", "status": true, "date_add": "2020-05-16T00:11:59.649Z", "date_update": "2020-05-16T00:11:59.650Z"}}, {"model": "blog.tag", "pk": 14, "fields": {"titre": "clou de girofle", "status": true, "date_add": "2020-05-16T00:13:36.059Z", "date_update": "2020-05-16T00:13:36.060Z"}}, {"model": "blog.tag", "pk": 15, "fields": {"titre": "cumin", "status": true, "date_add": "2020-05-16T00:22:53.993Z", "date_update": "2020-05-16T00:22:53.993Z"}}, {"model": "blog.tag", "pk": 16, "fields": {"titre": "farine", "status": true, "date_add": "2020-05-16T00:29:56.403Z", "date_update": "2020-05-16T00:29:56.404Z"}}, {"model": "blog.tag", "pk": 17, "fields": {"titre": "oeufs", "status": true, "date_add": "2020-05-16T00:34:10.642Z", "date_update": "2020-05-16T00:34:10.644Z"}}, {"model": "blog.tag", "pk": 18, "fields": {"titre": "fruits", "status": true, "date_add": "2020-05-16T00:35:14.093Z", "date_update": "2020-05-16T00:35:14.093Z"}}, {"model": "blog.tag", "pk": 19, "fields": {"titre": "potiron", "status": true, "date_add": "2020-05-16T00:55:16.735Z", "date_update": "2020-05-16T00:55:16.735Z"}}, {"model": "blog.tag", "pk": 20, "fields": {"titre": "Salade", "status": true, "date_add": "2020-05-16T00:57:15.423Z", "date_update": "2020-05-16T00:57:15.424Z"}}, {"model": "blog.tag", "pk": 21, "fields": {"titre": "l\u00e9gumes grill\u00e9es", "status": true, "date_add": "2020-05-16T00:57:38.214Z", "date_update": "2020-05-16T00:57:38.214Z"}}, {"model": "blog.tag", "pk": 22, "fields": {"titre": "sel", "status": true, "date_add": "2020-05-16T00:57:51.593Z", "date_update": "2020-05-16T00:57:51.593Z"}}, {"model": "blog.tag", "pk": 23, "fields": {"titre": "boeufs grill\u00e9es", "status": true, "date_add": "2020-05-16T00:58:46.141Z", "date_update": "2020-05-16T00:58:46.141Z"}}, {"model": "blog.categorie", "pk": 4, "fields": {"titre": "Le r\u00f4le des \u00e9pices dans le repas", "status": true, "date_add": "2020-05-15T23:48:58.567Z", "date_update": "2020-05-15T23:48:58.567Z"}}, {"model": "blog.categorie", "pk": 5, "fields": {"titre": "Plats multi saveurs", "status": true, "date_add": "2020-05-15T23:49:32.784Z", "date_update": "2020-05-15T23:49:32.784Z"}}, {"model": "blog.categorie", "pk": 6, "fields": {"titre": "Plats v\u00e9gans", "status": true, "date_add": "2020-05-15T23:50:41.686Z", "date_update": "2020-05-15T23:50:41.686Z"}}, {"model": "blog.categorie", "pk": 7, "fields": {"titre": "Viandes exotiques", "status": true, "date_add": "2020-05-15T23:54:48.276Z", "date_update": "2020-05-15T23:54:48.276Z"}}, {"model": "blog.categorie", "pk": 9, "fields": {"titre": "Desserts diab\u00e9tique", "status": true, "date_add": "2020-05-16T00:04:12.982Z", "date_update": "2020-05-16T00:04:12.982Z"}}, {"model": "blog.article", "pk": 1, "fields": {"titre": "Les 8 meilleurs \u00e9pices bonnes pour la sant\u00e9", "titre_slug": "les-8-meilleurs-epices-bonnes-pour-la-sante-c4ca4238a0b923820dcc509a6f75849b", "cover": "articles/epices.jpg", "contenu": "<h2 style=\"box-sizing: border-box; font-family: GothamNarrow; color: #303030; text-transform: uppercase; font-weight: normal; line-height: 1.2em; margin: 30px 0px 20px; font-size: 27px;\">1. LA CANNELLE</h2>\r\n<p style=\"box-sizing: border-box; font-family: Lato; font-size: 16px; line-height: 1.6em; margin: 0px 0px 24px;\">La cannelle est tr&egrave;s r&eacute;put&eacute;e pour son&nbsp;<strong style=\"box-sizing: border-box;\">go&ucirc;t sucr&eacute; et subtil</strong>&nbsp;dans les p&acirc;tisseries, mais ce ne sont pas l&agrave; ses seuls atouts. Non seulement elle&nbsp;<strong style=\"box-sizing: border-box;\">soulage les probl&egrave;mes de digestion</strong>&nbsp;gr&acirc;ce &agrave; ses<strong style=\"box-sizing: border-box;\">&nbsp;puissantes vertus anti-inflammatoires</strong>, mais elle est &eacute;galement un&nbsp;<strong style=\"box-sizing: border-box;\">antispasmodique</strong>&nbsp;fantastique. La cannelle permet &eacute;galement de&nbsp;<strong style=\"box-sizing: border-box;\">stabiliser les niveaux de sucre dans le sang</strong>, un atout essentiel pour toutes les personnes souffrant du diab&egrave;te. Rien que le fait de m&acirc;cher un chewing-gum aromatis&eacute; &agrave; la cannelle ou de sentir la cannelle peut contribuer &agrave;&nbsp;<strong style=\"box-sizing: border-box;\">am&eacute;liorer la m&eacute;moire et l'attention</strong>. Pour terminer elle poss&egrave;de des&nbsp;<strong style=\"box-sizing: border-box;\">propri&eacute;t&eacute;s antifongiques et antibact&eacute;riennes&nbsp;</strong>remarquables.</p>\r\n<p style=\"box-sizing: border-box; font-family: Lato; font-size: 16px; line-height: 1.6em; margin: 0px 0px 24px;\">&nbsp;</p>\r\n<h2 style=\"box-sizing: border-box; font-family: GothamNarrow; color: #303030; text-transform: uppercase; font-weight: normal; line-height: 1.2em; margin: 30px 0px 20px; font-size: 27px;\">2. LE PIMENT DE CAYENNE</h2>\r\n<p style=\"box-sizing: border-box; font-family: Lato; font-size: 16px; line-height: 1.6em; margin: 0px 0px 24px;\">Le piment de Cayenne&nbsp;<strong style=\"box-sizing: border-box;\">a une action b&eacute;n&eacute;fique sur le m&eacute;tabolisme</strong>&nbsp;en vous aidant &agrave;&nbsp;<strong style=\"box-sizing: border-box;\">br&ucirc;ler les graisses plus rapidement</strong>. Une &eacute;tude a d'ailleurs d&eacute;montr&eacute; que les personnes qui mangeaient du piment rouge &agrave; l'ap&eacute;ritif avaient tendance &agrave; manger 15% de moins de nourriture. Il aide &eacute;galement la&nbsp;<strong style=\"box-sizing: border-box;\">gu&eacute;rison du tissu digestif, stimule les enzymes digestives et aide &agrave; pr&eacute;venir les ulc&egrave;res de l'estomac</strong>. Bonne nouvelle pour ceux qui ont du cholest&eacute;rol! Le piment de Cayenne permettrait de le r&eacute;duire, mais aussi de&nbsp;<strong style=\"box-sizing: border-box;\">diminuer la formation de caillots sanguins nuisibles</strong>&nbsp;et&nbsp;<strong style=\"box-sizing: border-box;\">d'art&egrave;res bouch&eacute;es</strong>&nbsp;et &agrave;&nbsp;<strong style=\"box-sizing: border-box;\">diminuer les risques de crises cardiaques et accidents vasculaires c&eacute;r&eacute;braux</strong>. Et si vous avez mal &agrave; la t&ecirc;te, sachez qu'il agit &eacute;galement contre les maux de t&ecirc;te. Il contient enfin de la&nbsp;<strong style=\"box-sizing: border-box;\">vitamine C et E, des min&eacute;raux&nbsp;</strong>mais aussi du magn&eacute;sium.</p>\r\n<p style=\"box-sizing: border-box; font-family: Lato; font-size: 16px; line-height: 1.6em; margin: 0px 0px 24px;\">&nbsp;</p>\r\n<h2 style=\"box-sizing: border-box; font-family: GothamNarrow; color: #303030; text-transform: uppercase; font-weight: normal; line-height: 1.2em; margin: 30px 0px 20px; font-size: 27px;\">3. LE CLOU DE GIROFLE</h2>\r\n<p style=\"box-sizing: border-box; font-family: Lato; font-size: 16px; line-height: 1.6em; margin: 0px 0px 24px;\">Le clou de girofle est un&nbsp;<strong style=\"box-sizing: border-box;\">puissant analg&eacute;sique, antiseptique et germicide</strong>&nbsp;qui aide &agrave;&nbsp;<strong style=\"box-sizing: border-box;\">combattre les infections</strong>&nbsp;et&nbsp;<strong style=\"box-sizing: border-box;\">soulage la douleur</strong>, principalement utilis&eacute; contre la douleur des gencives et des dents. Il a &eacute;galement une action sur les&nbsp;<strong style=\"box-sizing: border-box;\">probl&egrave;mes digestifs</strong>&nbsp;comme les gaz, l'indigestion, les naus&eacute;es ou encore les vomissements.</p>\r\n<p style=\"box-sizing: border-box; font-family: Lato; font-size: 16px; line-height: 1.6em; margin: 0px 0px 24px;\">&nbsp;</p>\r\n<h2 style=\"box-sizing: border-box; font-family: GothamNarrow; color: #303030; text-transform: uppercase; font-weight: normal; line-height: 1.2em; margin: 30px 0px 20px; font-size: 27px;\">4. LE CUMIN</h2>\r\n<p style=\"box-sizing: border-box; font-family: Lato; font-size: 16px; line-height: 1.6em; margin: 0px 0px 24px;\">Le cumin permet de<strong style=\"box-sizing: border-box;\">&nbsp;favoriser la digestion&nbsp;</strong>en activant les s&eacute;cr&eacute;tions du tube digestif et en am&eacute;liorant l'assimilation des mati&egrave;res grasses.&nbsp;<strong style=\"box-sizing: border-box;\">Riche en antioxydants</strong>, il&nbsp;<strong style=\"box-sizing: border-box;\">d&eacute;toxifie le corps et aide &agrave; purifier le sang</strong>. Il est &eacute;galement tr&egrave;s efficace face aux&nbsp;<strong style=\"box-sizing: border-box;\">troubles respiratoires</strong>&nbsp;comme l'asthme et la bronchite. Comme la cannelle, le cumin contribue &agrave;&nbsp;<strong style=\"box-sizing: border-box;\">maintenir des niveaux de glyc&eacute;mie stable</strong>, id&eacute;al pour les diab&eacute;tiques.<strong style=\"box-sizing: border-box;\">&nbsp;Riche en fer, en vitamines C et A</strong>, il est b&eacute;n&eacute;fique pour le&nbsp;<strong style=\"box-sizing: border-box;\">syst&egrave;me immunitaire</strong>.</p>\r\n<div id=\"banner-center-article\" style=\"box-sizing: border-box; font-family: GothamNarrow; font-size: 16px;\">&nbsp;</div>\r\n<p style=\"box-sizing: border-box; font-family: Lato; font-size: 16px; line-height: 1.6em; margin: 0px 0px 24px;\">&nbsp;</p>\r\n<h2 style=\"box-sizing: border-box; font-family: GothamNarrow; color: #303030; text-transform: uppercase; font-weight: normal; line-height: 1.2em; margin: 30px 0px 20px; font-size: 27px;\">5. LE CURCUMA</h2>\r\n<p style=\"box-sizing: border-box; font-family: Lato; font-size: 16px; line-height: 1.6em; margin: 0px 0px 24px;\">Originaire d'Inde, le curcuma, cette &eacute;pice jaune-orange, est&nbsp;<strong style=\"box-sizing: border-box;\">l'un des antioxydants les plus puissants</strong>. Gr&acirc;ce &agrave; ses<strong style=\"box-sizing: border-box;\">&nbsp;puissantes vertus anti-inflammatoires&nbsp;</strong>(comparables aux m&eacute;dicaments Advil et Motrin), le curcuma&nbsp;<strong style=\"box-sizing: border-box;\">favorise la digestion&nbsp;</strong>en activant le travail du foie. Le curcuma est &eacute;galement tr&egrave;s efficace pour&nbsp;<strong style=\"box-sizing: border-box;\">ralentir le d&eacute;veloppement de la maladie d'Alzheimer</strong>, et permet&nbsp;<strong style=\"box-sizing: border-box;\">d'acc&eacute;l&eacute;rer le temps de r&eacute;cup&eacute;ration des accidents vasculaires c&eacute;r&eacute;braux</strong>. Cette &eacute;pice est aussi tr&egrave;s efficace contre les maladies comme le&nbsp;<strong style=\"box-sizing: border-box;\">syndrome du c&ocirc;lon irritable, la colite ulc&eacute;reuse, la maladie de Crohn ou encore l'arthrite</strong>. Elle aurait &eacute;galement des vertus&nbsp;<strong style=\"box-sizing: border-box;\">anti-canc&eacute;reuses</strong>. N'h&eacute;sitez pas &agrave; ajouter une cuill&egrave;re &agrave; toutes vos marinades et plats chauds.</p>\r\n<p style=\"box-sizing: border-box; font-family: Lato; font-size: 16px; line-height: 1.6em; margin: 0px 0px 24px;\">&nbsp;</p>\r\n<h2 style=\"box-sizing: border-box; font-family: GothamNarrow; color: #303030; text-transform: uppercase; font-weight: normal; line-height: 1.2em; margin: 30px 0px 20px; font-size: 27px;\">6. LE THYM</h2>\r\n<p style=\"box-sizing: border-box; font-family: Lato; font-size: 16px; line-height: 1.6em; margin: 0px 0px 24px;\">Le thym est particuli&egrave;rement reconnu pour<strong style=\"box-sizing: border-box;\">&nbsp;ses vertus contre les inflammations de la gorge</strong>&nbsp;comme la toux, la bronchite, les maux de gorge, la congestion de poitrine, la laryngite ou encore l'asthme. Il favorise &eacute;galement la&nbsp;<strong style=\"box-sizing: border-box;\">digestion&nbsp;</strong>en soulageant les gastrites et les coliques. Le thym&nbsp;<strong style=\"box-sizing: border-box;\">calme les nerfs, soulage la d&eacute;pression, l'insomnie et les cauchemars,</strong>&nbsp;mais il&nbsp;<strong style=\"box-sizing: border-box;\">am&eacute;liore &eacute;galement la m&eacute;moire</strong>.</p>\r\n<p style=\"box-sizing: border-box; font-family: Lato; font-size: 16px; line-height: 1.6em; margin: 0px 0px 24px;\">&nbsp;</p>\r\n<h2 style=\"box-sizing: border-box; font-family: GothamNarrow; color: #303030; text-transform: uppercase; font-weight: normal; line-height: 1.2em; margin: 30px 0px 20px; font-size: 27px;\">7. LE GINGEMBRE</h2>\r\n<p style=\"box-sizing: border-box; font-family: Lato; font-size: 16px; line-height: 1.6em; margin: 0px 0px 24px;\">Le gingembre, comme le curcuma, est originaire d'Inde. Le gingembre est bien connu pour ses&nbsp;<strong style=\"box-sizing: border-box;\">vertus aphrodisiaques</strong>, mais pas seulement: il permet aussi de&nbsp;<strong style=\"box-sizing: border-box;\">renforcer nos d&eacute;fenses immunitaires</strong>. V&eacute;ritable<strong style=\"box-sizing: border-box;\">&nbsp;antispasmodique</strong>, il&nbsp;<strong style=\"box-sizing: border-box;\">r&eacute;duit les naus&eacute;es et vomissements</strong>&nbsp;ainsi que le&nbsp;<strong style=\"box-sizing: border-box;\">mal des transports</strong>. Le gingembre est &eacute;galement un v&eacute;ritable rem&egrave;de apaisant pour les&nbsp;<strong style=\"box-sizing: border-box;\">maux de gorge&nbsp;</strong>caus&eacute;s par les rhumes et la grippe, il&nbsp;<strong style=\"box-sizing: border-box;\">soigne la toux</strong>&nbsp;et est un&nbsp;<strong style=\"box-sizing: border-box;\">expectorant efficace</strong>. Mais ce n'est pas tout:&nbsp;<strong style=\"box-sizing: border-box;\">puissant anti-inflammatoire</strong>, il contribue &agrave;&nbsp;<strong style=\"box-sizing: border-box;\">r&eacute;duire la douleur et l'enflure de l'arthrite et des douleurs musculaires</strong>.</p>\r\n<p style=\"box-sizing: border-box; font-family: Lato; font-size: 16px; line-height: 1.6em; margin: 0px 0px 24px;\">&nbsp;</p>\r\n<h2 style=\"box-sizing: border-box; font-family: GothamNarrow; color: #303030; text-transform: uppercase; font-weight: normal; line-height: 1.2em; margin: 30px 0px 20px; font-size: 27px;\">8. LE ROMARIN</h2>\r\n<p style=\"box-sizing: border-box; font-family: Lato; font-size: 16px; line-height: 1.6em; margin: 0px 0px 24px;\">Le romarin a des vertus diverses et nombreuses, telles que&nbsp;<strong style=\"box-sizing: border-box;\">stimuler la digestion, am&eacute;liorer la circulation sanguine</strong>&nbsp;mais aussi&nbsp;<strong style=\"box-sizing: border-box;\">combattre le cancer du colon, de l'estomac, du sein et du poumon</strong>. Puissant antioxydant, le romarin aide &agrave; contrer les<strong style=\"box-sizing: border-box;\">&nbsp;inflammations&nbsp;</strong>en tout genre. Il aide &eacute;galement &agrave;&nbsp;<strong style=\"box-sizing: border-box;\">am&eacute;liorer la concentration, &agrave; stimuler la m&eacute;moire</strong>, et&nbsp;<strong style=\"box-sizing: border-box;\">r&eacute;duit les risques de d&eacute;pression</strong>. Il aide aussi &agrave;<strong style=\"box-sizing: border-box;\">&nbsp;lutter contre les probl&egrave;mes respiratoires&nbsp;</strong>comme l'asthme et les infections respiratoires.</p>", "categorie": 4, "status": true, "date_add": "2020-05-16T00:20:26.556Z", "date_update": "2020-05-16T00:20:27.432Z", "tags": [3, 4, 5, 7, 14]}}, {"model": "blog.article", "pk": 2, "fields": {"titre": "curcuma vs cumin les diff\u00e9rences", "titre_slug": "curcuma-vs-cumin-les-differences-c81e728d9d4c2f636f067f89cc14862c", "cover": "articles/Curcuma-et-cumin.jpg", "contenu": "<p style=\"box-sizing: inherit; margin: 0px 0px 1rem; padding: 0px; color: #878787; font-size: 0.9375rem; font-family: 'Playfair Display', serif;\">curcuma et le cumin sont deux classiques parmi les &eacute;pices, que l&rsquo;on retrouve dans les cuisines du monde entier. Voyons ici, les grandes diff&eacute;rences entre ces deux &eacute;pices, d&rsquo;o&ugrave; vient cette confusion, et laquelle des deux choisir !</p>\r\n<h2 style=\"box-sizing: inherit; clear: both; margin: 2em 0px 1em; text-rendering: optimizelegibility; font-family: 'Playfair Display', serif; line-height: 1.25; color: #e54c2a; font-size: 1.75rem;\">Quelles sont les diff&eacute;rences entre les deux &eacute;pices ?</h2>\r\n<h3 style=\"box-sizing: inherit; clear: both; margin: 2.43478em 0px 1.21739em; text-rendering: optimizelegibility; font-family: 'Playfair Display', serif; line-height: 1.21739; color: #414141; font-size: 1.4375rem;\">L&rsquo;esp&egrave;ce</h3>\r\n<p style=\"box-sizing: inherit; margin: 0px 0px 1rem; padding: 0px; color: #878787; font-size: 0.9375rem; font-family: 'Playfair Display', serif;\">&ndash;&nbsp;<a style=\"box-sizing: inherit; background-color: transparent; color: #e54c2a; text-decoration-line: none; touch-action: manipulation; transition: all 300ms ease 0s; box-shadow: currentcolor 0px 1px 0px 0px;\" href=\"https://ileauxepices.com/epices/25-curcuma.html\">Le curcuma</a>&nbsp;est une &eacute;pice qui est produite &agrave; partir du rhizome de curcuma longa, une plante d&rsquo;environ un m&egrave;tre, aux grandes feuilles vertes, et originaire d&rsquo;Asie.</p>\r\n<p style=\"box-sizing: inherit; margin: 0px 0px 1rem; padding: 0px; color: #878787; font-size: 0.9375rem; font-family: 'Playfair Display', serif;\">&ndash;&nbsp;<a style=\"box-sizing: inherit; background-color: transparent; color: #e54c2a; text-decoration-line: none; touch-action: manipulation; transition: all 300ms ease 0s; box-shadow: currentcolor 0px 1px 0px 0px;\" href=\"https://ileauxepices.com/epices/23-cumin.html\">Le cumin</a>&nbsp;est une &eacute;pice qui est produite &agrave; partir des graines de l&rsquo;esp&egrave;ce Cuminum cyminum, une plante herbac&eacute;e de la famille des Apiac&eacute;es (Ombellif&egrave;res).</p>\r\n<h3 style=\"box-sizing: inherit; clear: both; margin: 2.43478em 0px 1.21739em; text-rendering: optimizelegibility; font-family: 'Playfair Display', serif; line-height: 1.21739; color: #414141; font-size: 1.4375rem;\">L&rsquo;aspect</h3>\r\n<p style=\"box-sizing: inherit; margin: 0px 0px 1rem; padding: 0px; color: #878787; font-size: 0.9375rem; font-family: 'Playfair Display', serif;\">Le curcuma est donc un rhizome, qui ressemble un peu au gingembre, que l&rsquo;on reconna&icirc;t &agrave; sa couleur jaune-orang&eacute; intense. Une fois r&eacute;duit en poudre, le curcuma est g&eacute;n&eacute;ralement une poudre jaune tr&egrave;s intense.</p>\r\n<p style=\"box-sizing: inherit; margin: 0px 0px 1rem; padding: 0px; color: #878787; font-size: 0.9375rem; font-family: 'Playfair Display', serif;\">Le cumin est, quant &agrave; lui, une petite graine allong&eacute;e et stri&eacute;e dans sa longueur. Une fois r&eacute;duite en poudre, elle donne une poudre de couleur brun clair.</p>\r\n<h3 style=\"box-sizing: inherit; clear: both; margin: 2.43478em 0px 1.21739em; text-rendering: optimizelegibility; font-family: 'Playfair Display', serif; line-height: 1.21739; color: #414141; font-size: 1.4375rem;\">Le go&ucirc;t</h3>\r\n<p style=\"box-sizing: inherit; margin: 0px 0px 1rem; padding: 0px; color: #878787; font-size: 0.9375rem; font-family: 'Playfair Display', serif;\">&ndash; Le curcuma : une fois r&eacute;duit en poudre, l&rsquo;&eacute;pice poss&egrave;de une saveur chaude, douce et l&eacute;g&egrave;re, caract&eacute;ristique du curcuma.</p>\r\n<p style=\"box-sizing: inherit; margin: 0px 0px 1rem; padding: 0px; color: #878787; font-size: 0.9375rem; font-family: 'Playfair Display', serif;\">&ndash; Le cumin : poss&egrave;de une odeur aux notes chaudes et ent&ecirc;tantes, avec un go&ucirc;t prononc&eacute;, &eacute;pic&eacute;, tr&egrave;s aromatique et subtilement amer, &eacute;voquant &agrave; la fois le fenouil ou l&rsquo;anis.</p>\r\n<h3 style=\"box-sizing: inherit; clear: both; margin: 2.43478em 0px 1.21739em; text-rendering: optimizelegibility; font-family: 'Playfair Display', serif; line-height: 1.21739; color: #414141; font-size: 1.4375rem;\">Leurs vertus pour la sant&eacute;</h3>\r\n<p style=\"box-sizing: inherit; margin: 0px 0px 1rem; padding: 0px; color: #878787; font-size: 0.9375rem; font-family: 'Playfair Display', serif;\">&ndash; Le curcuma : consultez notre article sur&nbsp;<a style=\"box-sizing: inherit; background-color: transparent; color: #e54c2a; text-decoration-line: none; touch-action: manipulation; transition: all 300ms ease 0s; box-shadow: currentcolor 0px 1px 0px 0px;\" href=\"https://ileauxepices.com/blog/2018/01/05/quels-sont-les-bienfaits-du-curcuma-pour-la-sante/wpid15744/\">les propri&eacute;t&eacute;s du curcuma longa</a>&nbsp;et&nbsp;<a style=\"box-sizing: inherit; background-color: transparent; color: #e54c2a; text-decoration-line: none; touch-action: manipulation; transition: all 300ms ease 0s; box-shadow: currentcolor 0px 1px 0px 0px;\" href=\"https://ileauxepices.com/blog/2017/04/24/pourquoi-et-comment-utiliser-le-curcuma-pour-la-sante/wpid13084/\">comment consommer le curcuma pour la sant&eacute;</a>, vous verrez que c&rsquo;est une des meilleures &eacute;pices d&rsquo;un point de vu bien-&ecirc;tre, d&rsquo;o&ugrave; son nom d&rsquo;&eacute;pice de longue vie ! Disons seulement que l&rsquo;action principale du curcuma est son effet anti-inflammatoire.</p>\r\n<p style=\"box-sizing: inherit; margin: 0px 0px 1rem; padding: 0px; color: #878787; font-size: 0.9375rem; font-family: 'Playfair Display', serif;\">&ndash; Le cumin : consultez notre article sur&nbsp;<a style=\"box-sizing: inherit; background-color: transparent; color: #e54c2a; text-decoration-line: none; touch-action: manipulation; transition: all 300ms ease 0s; box-shadow: currentcolor 0px 1px 0px 0px;\" href=\"https://ileauxepices.com/blog/2018/01/05/quels-sont-les-bienfaits-du-curcuma-pour-la-sante/wpid15744/\">les propri&eacute;t&eacute;s du cumin pour la sant&eacute;</a>, disons que l&rsquo;action principale du cumin est son effet sur le syst&egrave;me digestif.</p>\r\n<h2 style=\"box-sizing: inherit; clear: both; margin: 2em 0px 1em; text-rendering: optimizelegibility; font-family: 'Playfair Display', serif; line-height: 1.25; color: #e54c2a; font-size: 1.75rem;\">D&rsquo;o&ugrave; vient la confusion ?</h2>\r\n<p style=\"box-sizing: inherit; margin: 0px 0px 1rem; padding: 0px; color: #878787; font-size: 0.9375rem; font-family: 'Playfair Display', serif;\">Difficile &agrave; dire tant les 2 &eacute;pices sont diff&eacute;rentes, mais il semble que la confusion vienne du terme &laquo;&nbsp;curcumin&nbsp;&raquo;, qui est utilis&eacute; pour d&eacute;signer, &agrave; tort, le curcuma, mais aussi un m&eacute;lange de curcuma et de cumin.</p>\r\n<p style=\"box-sizing: inherit; margin: 0px 0px 1rem; padding: 0px; color: #878787; font-size: 0.9375rem; font-family: 'Playfair Display', serif;\">Cette appellation s&egrave;me le trouble chez certains qui du coup, ne savent plus si on parle de curcuma ou de cumin.</p>", "categorie": 4, "status": true, "date_add": "2020-05-16T00:27:23.818Z", "date_update": "2020-05-16T00:27:24.439Z", "tags": [3, 15]}}, {"model": "blog.article", "pk": 3, "fields": {"titre": "Recette de cr\u00e8mes brul\u00e9es sans sucre", "titre_slug": "recette-de-cremes-brulees-sans-sucre-eccbc87e4b5ce2fe28308fd9f2a7baf3", "cover": "articles/creme-brulee-sans-sucre.jpg", "contenu": "<h4 class=\"fn\" style=\"backface-visibility: hidden; color: #111111; margin: 10px 0px; padding: 0px; border: 0px; font-size: 16px; vertical-align: baseline; clear: right; line-height: 19.2px; overflow: hidden; text-transform: uppercase; font-family: 'Amatic SC', sans-serif;\">RECETTE DE CR&Egrave;ME BRUL&Eacute;E SANS SUCRES</h4>\r\n<p><img class=\"alignright photo recipress_thumb lazyloaded\" style=\"max-width: 100%; height: auto; margin: 0px; padding: 0px; border: 0px; font-size: 16px; vertical-align: baseline; float: right; background-image: initial; background-position: initial; background-size: initial; background-repeat: initial; background-attachment: initial; background-origin: initial; background-clip: initial; color: #444444; font-family: georgia, 'times new roman', serif;\" src=\"https://i2.wp.com/www.recette-pour-diabetique.com/wp-content/uploads/2016/02/creme-brulee-diabete.jpg?resize=300%2C300&amp;ssl=1\" alt=\"creme-brulee-diabete\" width=\"300\" height=\"300\" data-attachment-id=\"4911\" data-permalink=\"https://www.recette-pour-diabetique.com/creme-brulee-sans-sucres/creme-brulee-diabete/\" data-orig-file=\"https://i2.wp.com/www.recette-pour-diabetique.com/wp-content/uploads/2016/02/creme-brulee-diabete.jpg?fit=300%2C300&amp;ssl=1\" data-orig-size=\"300,300\" data-comments-opened=\"1\" data-image-meta=\"{&quot;aperture&quot;:&quot;0&quot;,&quot;credit&quot;:&quot;&quot;,&quot;camera&quot;:&quot;&quot;,&quot;caption&quot;:&quot;&quot;,&quot;created_timestamp&quot;:&quot;0&quot;,&quot;copyright&quot;:&quot;&quot;,&quot;focal_length&quot;:&quot;0&quot;,&quot;iso&quot;:&quot;0&quot;,&quot;shutter_speed&quot;:&quot;0&quot;,&quot;title&quot;:&quot;&quot;,&quot;orientation&quot;:&quot;0&quot;}\" data-image-title=\"creme-brulee-diabete\" data-image-description=\"\" data-medium-file=\"https://i2.wp.com/www.recette-pour-diabetique.com/wp-content/uploads/2016/02/creme-brulee-diabete.jpg?fit=300%2C300&amp;ssl=1\" data-large-file=\"https://i2.wp.com/www.recette-pour-diabetique.com/wp-content/uploads/2016/02/creme-brulee-diabete.jpg?fit=300%2C300&amp;ssl=1\" data-lazy-src=\"https://i2.wp.com/www.recette-pour-diabetique.com/wp-content/uploads/2016/02/creme-brulee-diabete.jpg?resize=300%2C300&amp;ssl=1\" data-was-processed=\"true\" /></p>\r\n<ul class=\"recipe-details\" style=\"border-width: 0px 0px 1px; border-image: initial; font-size: 16px; vertical-align: baseline; list-style-position: outside; list-style-image: initial; line-height: 1.5em; color: #444444; font-family: georgia, 'times new roman', serif; margin: 1em 0px !important; padding: 0.5em 0px !important; border-color: initial initial #aaaaaa initial; border-style: initial initial dotted initial;\">\r\n<li style=\"margin: 0px 0px 0px 50px; padding: 5px 2em 5px 0px; border: 0px; font-size: 12px; vertical-align: baseline; list-style: none; display: inline-block;\"><strong style=\"margin: 0px; padding: 0px; border: 0px; font-size: 10px; vertical-align: baseline; color: #333333 !important; text-transform: uppercase;\">PRODUIT:</strong>&nbsp;<span class=\"yield\" style=\"margin: 0px; padding: 0px; border: 0px; vertical-align: baseline;\">4 ramequins (4 Portions)</span></li>\r\n<li class=\"clear_items\" style=\"margin: 0px 0px 0px 50px; padding: 5px 2em 5px 0px; border: 0px; font-size: 12px; vertical-align: baseline; list-style: none; display: block;\">&nbsp;</li>\r\n<li style=\"margin: 0px 0px 0px 50px; padding: 5px 2em 5px 0px; border: 0px; font-size: 12px; vertical-align: baseline; list-style: none; display: inline-block;\"><strong style=\"margin: 0px; padding: 0px; border: 0px; font-size: 10px; vertical-align: baseline; color: #333333 !important; text-transform: uppercase;\">PR&Eacute;PARATION:</strong>&nbsp;<span class=\"preptime\" style=\"margin: 0px; padding: 0px; border: 0px; vertical-align: baseline;\">15 mins</span></li>\r\n<li style=\"margin: 0px 0px 0px 50px; padding: 5px 2em 5px 0px; border: 0px; font-size: 12px; vertical-align: baseline; list-style: none; display: inline-block;\"><strong style=\"margin: 0px; padding: 0px; border: 0px; font-size: 10px; vertical-align: baseline; color: #333333 !important; text-transform: uppercase;\">CUISSON:</strong>&nbsp;<span class=\"cooktime\" style=\"margin: 0px; padding: 0px; border: 0px; vertical-align: baseline;\">35 mins</span></li>\r\n<li style=\"margin: 0px 0px 0px 50px; padding: 5px 2em 5px 0px; border: 0px; font-size: 12px; vertical-align: baseline; list-style: none; display: inline-block;\"><strong style=\"margin: 0px; padding: 0px; border: 0px; font-size: 10px; vertical-align: baseline; color: #333333 !important; text-transform: uppercase;\">PR&Ecirc;T DANS:</strong>&nbsp;<span class=\"duration\" style=\"margin: 0px; padding: 0px; border: 0px; vertical-align: baseline;\">50 mins</span></li>\r\n</ul>\r\n<p class=\"summary\" style=\"margin: 0px 0px 15px; padding: 0px; border: 0px; font-size: 16px; vertical-align: baseline; font-style: italic; color: #444444; font-family: georgia, 'times new roman', serif;\">A moins d'utiliser du vrai sucre... pratiquement pas d'apport en glucides dans cette recette de cr&ecirc;me brul&eacute;e</p>\r\n<h3 style=\"backface-visibility: hidden; margin: 10px 0px; padding: 0px; border: 0px; font-size: 18px; vertical-align: baseline; clear: right; line-height: 21.6px; overflow: hidden; text-transform: uppercase; font-family: 'Amatic SC', sans-serif; color: #333333 !important;\">INGR&Eacute;DIENTS</h3>\r\n<ul>\r\n<li class=\"ingredient\" style=\"margin: 0px; padding: 0px; border: 0px; font-size: 16px; vertical-align: baseline; color: #444444; font-family: georgia, 'times new roman', serif;\"><span class=\"amount\" style=\"margin: 0px; padding: 0px; border: 0px; vertical-align: baseline;\">5 jaunes</span>&nbsp;<span class=\"name\" style=\"margin: 0px; padding: 0px; border: 0px; vertical-align: baseline;\"><a style=\"text-decoration-line: none; margin: 0px; padding: 0px; border: 0px; vertical-align: baseline; color: #f39905;\" href=\"https://www.recette-pour-diabetique.com/ingredient/oeuf/\">oeuf</a></span></li>\r\n<li class=\"ingredient\" style=\"margin: 0px; padding: 0px; border: 0px; font-size: 16px; vertical-align: baseline; color: #444444; font-family: georgia, 'times new roman', serif;\"><span class=\"amount\" style=\"margin: 0px; padding: 0px; border: 0px; vertical-align: baseline;\">40 cl</span>&nbsp;<span class=\"name\" style=\"margin: 0px; padding: 0px; border: 0px; vertical-align: baseline;\"><a style=\"text-decoration-line: none; margin: 0px; padding: 0px; border: 0px; vertical-align: baseline; color: #f39905;\" href=\"https://www.recette-pour-diabetique.com/ingredient/creme-fraiche/\">cr&egrave;me fraiche</a></span>&nbsp;<em class=\"notes\" style=\"margin: 0px; padding: 0px; border: 0px; font-size: 12px; vertical-align: baseline; opacity: 0.66;\">all&eacute;g&eacute;e</em></li>\r\n<li class=\"ingredient\" style=\"margin: 0px; padding: 0px; border: 0px; font-size: 16px; vertical-align: baseline; color: #444444; font-family: georgia, 'times new roman', serif;\"><span class=\"amount\" style=\"margin: 0px; padding: 0px; border: 0px; vertical-align: baseline;\">60 g</span>&nbsp;<span class=\"name\" style=\"margin: 0px; padding: 0px; border: 0px; vertical-align: baseline;\"><a style=\"text-decoration-line: none; margin: 0px; padding: 0px; border: 0px; vertical-align: baseline; color: #f39905;\" href=\"https://www.recette-pour-diabetique.com/ingredient/erythritol/\">Erythritol</a></span></li>\r\n<li class=\"ingredient\" style=\"margin: 0px; padding: 0px; border: 0px; font-size: 16px; vertical-align: baseline; color: #444444; font-family: georgia, 'times new roman', serif;\"><span class=\"amount\" style=\"margin: 0px; padding: 0px; border: 0px; vertical-align: baseline;\">1 gousse</span>&nbsp;<span class=\"name\" style=\"margin: 0px; padding: 0px; border: 0px; vertical-align: baseline;\"><a style=\"text-decoration-line: none; margin: 0px; padding: 0px; border: 0px; vertical-align: baseline; color: #f39905;\" href=\"https://www.recette-pour-diabetique.com/ingredient/vanille/\">Vanille</a></span></li>\r\n</ul>\r\n<h3 style=\"backface-visibility: hidden; margin: 10px 0px; padding: 0px; border: 0px; font-size: 18px; vertical-align: baseline; clear: right; line-height: 21.6px; overflow: hidden; text-transform: uppercase; font-family: 'Amatic SC', sans-serif; color: #333333 !important;\">INSTRUCTIONS</h3>\r\n<ol class=\"instructions\" style=\"margin: 10px 0px; padding: 0px; border: 0px; font-size: 16px; vertical-align: baseline; list-style-position: outside; list-style-image: initial; color: #444444; font-family: georgia, 'times new roman', serif;\">\r\n<li style=\"margin: 0px 0px 0px 50px; padding: 5px 0px; border: 0px; vertical-align: baseline;\">Battre les jaunes d'oeufs avec l'Erythritol. Chauffer la cr&egrave;me fraiche avec la gousse de vanille fendue et les grains retir&eacute;s et m&eacute;lang&eacute;s &agrave; la cr&egrave;me. Environ 8mn &agrave; feu doux de fa&ccedil;on &agrave; bien infuser. Passer au chinois puis verser sur les oeufs en battant &eacute;nergiquement .</li>\r\n<li style=\"margin: 0px 0px 0px 50px; padding: 5px 0px; border: 0px; vertical-align: baseline;\">Verser dans des ramequins et mettre au four 30mn dans un bain marie &agrave; 160&deg;. Laisser reposer au frais minimum 2H</li>\r\n<li style=\"margin: 0px 0px 0px 50px; padding: 5px 0px; border: 0px; vertical-align: baseline;\">Au moment de servir parsemer d'un peu d'Erythritol et bruler au chalumeau de cuisine. Si vous n'&ecirc;tes pas &agrave; quelques grammes de glucides pr&egrave;s, utiliser de la cassonade de sucre... cela caram&eacute;lise mieux !</li>\r\n</ol>", "categorie": 9, "status": true, "date_add": "2020-05-16T00:50:30.973Z", "date_update": "2020-05-16T00:50:32.394Z", "tags": [8, 16]}}, {"model": "blog.article", "pk": 4, "fields": {"titre": "Petits conseils pour d\u00e9sserts diab\u00e9tiques", "titre_slug": "petits-conseils-pour-desserts-diabetiques-a87ff679a2f3e71d9181a67b7542122c", "cover": "articles/sucdb.jpg", "contenu": "<p style=\"margin: 0px 0px 0cm; padding: 0px; box-sizing: border-box; max-width: 100%; color: #373737; font-family: 'Helvetica Neue', Helvetica, Arial, sans-serif;\"><span style=\"box-sizing: border-box; font-size: 18px;\"><span style=\"box-sizing: border-box; font-family: Georgia, serif;\">M&ecirc;me si le fruit reste le choix id&eacute;al de dessert, fruits de saison crus cuits ou en compote, on peut d&eacute;guster raisonnablement une bonne p&acirc;tisserie de pr&eacute;f&eacute;rence faite maison par semaine.</span></span></p>\r\n<p style=\"margin: 0px 0px 0cm; padding: 0px; box-sizing: border-box; max-width: 100%; color: #373737; font-family: 'Helvetica Neue', Helvetica, Arial, sans-serif;\"><span style=\"box-sizing: border-box; font-size: 18px;\"><span style=\"box-sizing: border-box; font-family: Georgia, serif;\">Le dessert est le tableau final d&rsquo;un bon repas. C'est une r&eacute;compense, puisque dans la hi&eacute;rarchie des punitions enfantines, la privation de dessert occupe une place importante. Plus d&rsquo;un enfant s&rsquo;est r&eacute;sign&eacute; &agrave; la sagesse pour ne pas se voir priv&eacute; d&rsquo;une tarte aux fraises ou d&rsquo;une cr&egrave;me renvers&eacute;e.</span></span></p>\r\n<p style=\"margin: 0px 0px 0cm; padding: 0px; box-sizing: border-box; max-width: 100%; color: #373737; font-family: 'Helvetica Neue', Helvetica, Arial, sans-serif;\">&nbsp;</p>\r\n<p style=\"margin: 0px 0px 0cm; padding: 0px; box-sizing: border-box; max-width: 100%; color: #373737; font-family: 'Helvetica Neue', Helvetica, Arial, sans-serif;\"><span style=\"box-sizing: border-box; font-size: 18px;\"><span style=\"box-sizing: border-box; font-family: Georgia, serif;\">Le dessert n&rsquo;est pas un luxe r&eacute;serv&eacute; aux circonstances importantes, il a une valeur alimentaire non n&eacute;gligeable.</span></span></p>\r\n<p style=\"margin: 0px 0px 0cm; padding: 0px; box-sizing: border-box; max-width: 100%; color: #373737; font-family: 'Helvetica Neue', Helvetica, Arial, sans-serif;\"><span style=\"box-sizing: border-box; font-size: 18px;\"><span style=\"box-sizing: border-box; font-family: Georgia, serif;\">Il contient du sucre mais aussi de la farine, des&nbsp;<a style=\"color: #1982d1; box-sizing: border-box;\" href=\"http://legourmetdiabetique.over-blog.com/2017/12/les-oeufs-riches-en-proteines.html\">&oelig;ufs&nbsp;</a>et des<a style=\"color: #1982d1; box-sizing: border-box;\" href=\"http://legourmetdiabetique.over-blog.com/2017/10/manger-des-legumes-et-des-fruits-la-saine-attitude.html\">&nbsp;fruits</a>. Prudence n&eacute;anmoins car le probl&egrave;me de la p&acirc;tisserie ne vient pas tant du sucre qu&rsquo;elle contient mais surtout des graisses qui accompagnent le sucre. Il est important de privil&eacute;gier les desserts les moins gras.</span></span></p>\r\n<p style=\"margin: 0px 0px 0cm; padding: 0px; box-sizing: border-box; max-width: 100%; color: #373737; font-family: 'Helvetica Neue', Helvetica, Arial, sans-serif;\">&nbsp;</p>\r\n<p style=\"margin: 0px 0px 0cm; padding: 0px; box-sizing: border-box; max-width: 100%; color: #373737; font-family: 'Helvetica Neue', Helvetica, Arial, sans-serif;\"><span style=\"box-sizing: border-box; font-size: 18px;\"><span style=\"box-sizing: border-box; font-family: Georgia, serif;\">Le manque de temps n&rsquo;est pas un pr&eacute;texte pour escamoter le dessert. Il ne faut que quelques minutes pour transformer une orange, un kiwi, un ananas et une pomme en une d&eacute;licieuse salade de fruits. Il est important de varier les pr&eacute;sentations.</span></span></p>\r\n<p style=\"margin: 0px 0px 0cm; padding: 0px; box-sizing: border-box; max-width: 100%; color: #373737; font-family: 'Helvetica Neue', Helvetica, Arial, sans-serif;\">&nbsp;</p>\r\n<p style=\"margin: 0px 0px 0cm; padding: 0px; box-sizing: border-box; max-width: 100%; color: #373737; font-family: 'Helvetica Neue', Helvetica, Arial, sans-serif;\"><span style=\"box-sizing: border-box; font-size: 18px;\"><span style=\"box-sizing: border-box; font-family: Georgia, serif;\">Privil&eacute;gier &laquo; le fait maison &raquo; avec de bons produits de saison, plus sains, achet&eacute;s sur le march&eacute; du quartier et &agrave; un prix souvent plus abordable et si vous avez un petit verger et quelques arbres fruitiers, c'est encore mieux.</span></span></p>\r\n<p style=\"margin: 0px 0px 0cm; padding: 0px; box-sizing: border-box; max-width: 100%; color: #373737; font-family: 'Helvetica Neue', Helvetica, Arial, sans-serif;\">&nbsp;</p>\r\n<figure class=\"image-align-center\" style=\"text-align: center; box-sizing: border-box; max-width: 100%; color: #373737; font-family: 'Helvetica Neue', Helvetica, Arial, sans-serif; margin: 10px 0px;\"><img class=\"image-size-medium\" style=\"border: 0px; vertical-align: middle; max-width: 100%; width: 300px; box-sizing: border-box;\" src=\"https://img.over-blog-kiwi.com/1/60/80/71/20171222/ob_b2414d_015.JPG\" alt=\"\" /></figure>\r\n<p style=\"margin: 0px 0px 0cm; padding: 0px; box-sizing: border-box; max-width: 100%; color: #373737; font-family: 'Helvetica Neue', Helvetica, Arial, sans-serif;\">&nbsp;</p>\r\n<p style=\"margin: 0px 0px 0cm; padding: 0px; box-sizing: border-box; max-width: 100%; color: #373737; font-family: 'Helvetica Neue', Helvetica, Arial, sans-serif;\"><span style=\"box-sizing: border-box; font-size: 18px;\"><span style=\"box-sizing: border-box; font-family: Georgia, serif;\"><strong style=\"box-sizing: border-box;\">A &eacute;viter :</strong>&nbsp;sucreries, bonbons, nougat, confitures, pain d&rsquo;&eacute;pice, lait concentr&eacute; sucr&eacute;, barres de distributeurs hyper-sucr&eacute;es, les cr&egrave;mes glac&eacute;es, biscuits et p&acirc;tisseries industrielles.</span></span></p>\r\n<p style=\"margin: 0px 0px 0cm; padding: 0px; box-sizing: border-box; max-width: 100%; color: #373737; font-family: 'Helvetica Neue', Helvetica, Arial, sans-serif;\">&nbsp;</p>\r\n<p style=\"margin: 0px 0px 0cm; padding: 0px; box-sizing: border-box; max-width: 100%; color: #373737; font-family: 'Helvetica Neue', Helvetica, Arial, sans-serif;\"><span style=\"box-sizing: border-box; color: #006400;\"><span style=\"box-sizing: border-box; font-size: 20px;\"><span style=\"box-sizing: border-box; font-family: Georgia, serif;\"><strong style=\"box-sizing: border-box;\">Equivalences :&nbsp;</strong></span></span></span><span style=\"box-sizing: border-box; font-size: 18px;\"><span style=\"box-sizing: border-box; font-family: Georgia, serif;\">Une barre chocolat&eacute;e apporte 30 &agrave; 35 g de&nbsp;<a style=\"color: #1982d1; box-sizing: border-box;\" href=\"http://legourmetdiabetique.over-blog.com/2017/10/mieux-gerer-sa-consommation-de-glucides-sucres.html\">glucides</a>&nbsp;(sucres), 3 profiteroles = 50 g, 1 maxi esquimau ou un c&ocirc;ne glac&eacute; = 30 &agrave; 40 g, 1 mille-feuilles = 40 &agrave; 50 g, 1 &eacute;clair = 10 g de beurre et 30 g de sucre, 1 tranche de cake = 5 g de&nbsp;<a style=\"color: #1982d1; box-sizing: border-box;\" href=\"http://legourmetdiabetique.over-blog.com/2017/11/les-produits-laitiers.html\">beurre</a>&nbsp;et 20 &agrave; 30 g de glucides, 1 pain aux raisins = 10 g de beurre et 35 g de glucides.</span></span></p>\r\n<p style=\"margin: 0px 0px 0cm; padding: 0px; box-sizing: border-box; max-width: 100%; color: #373737; font-family: 'Helvetica Neue', Helvetica, Arial, sans-serif;\"><span style=\"box-sizing: border-box; font-size: 18px;\"><span style=\"box-sizing: border-box; font-family: Georgia, serif;\">On le voit, ces quelques exemples sont &eacute;galement riches en&nbsp;<a style=\"color: #1982d1; box-sizing: border-box;\" href=\"http://legourmetdiabetique.over-blog.com/2017/10/attention-au-gras.html\">lipides&nbsp;</a>alors qu&rsquo;une salade de fruits n&rsquo;apporte que 20 g de glucides et aucun lipides (gras). Sur le plan calorique, on est largement gagnant.</span></span></p>\r\n<p style=\"margin: 0px 0px 0cm; padding: 0px; box-sizing: border-box; max-width: 100%; color: #373737; font-family: 'Helvetica Neue', Helvetica, Arial, sans-serif;\">&nbsp;</p>\r\n<p style=\"margin: 0px 0px 0cm; padding: 0px; box-sizing: border-box; max-width: 100%; color: #373737; font-family: 'Helvetica Neue', Helvetica, Arial, sans-serif;\"><span style=\"box-sizing: border-box; font-size: 18px;\"><span style=\"box-sizing: border-box; font-family: Georgia, serif;\">Attention aux produits finis achet&eacute;s en magasin.&nbsp;<strong style=\"box-sizing: border-box;\">Il est essentiel de bien lire les<a style=\"color: #1982d1; box-sizing: border-box;\" href=\"http://legourmetdiabetique.over-blog.com/2017/11/l-etiquetage-alimentaire.html\">&nbsp;&eacute;tiquettes</a></strong>.</span></span></p>", "categorie": 9, "status": true, "date_add": "2020-05-16T00:53:04.066Z", "date_update": "2020-05-16T00:53:04.884Z", "tags": [16, 17, 18]}}, {"model": "blog.article", "pk": 5, "fields": {"titre": "Recettes de boeufs exotiques \u00e0 la mangue", "titre_slug": "recettes-de-boeufs-exotiques-a-la-mangue-e4da3b7fbbce2345d7772b0674a318d5", "cover": "articles/boeufs_exo.jpg", "contenu": "<p>&nbsp;</p>\r\n<h5 style=\"box-sizing: border-box; font-family: Roboto, sans-serif; font-weight: 400; line-height: 1.2em; color: #999999; margin-top: 10px; margin-bottom: 10px; font-size: 1.1em;\"><span style=\"color: #000000;\">Cela ne surprendra personne si l&rsquo;on cuisine un b&oelig;uf ou un veau &agrave; l&rsquo;exotique. Saveurs inoubliables garanties ! Votre blog Jumbo vous propose trois recettes simples &agrave; r&eacute;aliser.</span></h5>\r\n<h3 style=\"box-sizing: border-box; font-family: 'proxima-nova&quot;', sans-serif; font-weight: 500; line-height: 1.1; color: #999999; margin-top: 20px; margin-bottom: 10px; font-size: 24px;\"><span style=\"color: #000000;\">Le boeuf &agrave; la mangue</span></h3>\r\n<p><img class=\"aligncenter wp-image-836 size-full\" style=\"box-sizing: border-box; border: 0px; vertical-align: middle; display: block; margin: 0px auto; height: auto; max-width: 100%; color: #999999; font-family: proxima-nova, sans-serif; font-size: 18px;\" src=\"https://blog.jumbo.mu/wp-content/uploads/2014/08/Fotolia_42395421_Subscription_Monthly_M-e1409300219382.jpg\" sizes=\"(max-width: 698px) 100vw, 698px\" srcset=\"https://blog.jumbo.mu/wp-content/uploads/2014/08/Fotolia_42395421_Subscription_Monthly_M-e1409300219382.jpg 698w, https://blog.jumbo.mu/wp-content/uploads/2014/08/Fotolia_42395421_Subscription_Monthly_M-e1409300219382-300x264.jpg 300w\" alt=\"Recettes de viande exotiques : le boeuf &agrave; la mangue\" width=\"698\" height=\"614\" data-attachment-id=\"836\" data-permalink=\"https://blog.jumbo.mu/astuces/comment-eviter-les-grumeaux-dans-ma-pate-a-crepes/fotolia_42395421_subscription_monthly_m/\" data-orig-file=\"https://blog.jumbo.mu/wp-content/uploads/2014/08/Fotolia_42395421_Subscription_Monthly_M-e1409300219382.jpg\" data-orig-size=\"698,614\" data-comments-opened=\"1\" data-image-meta=\"{&quot;aperture&quot;:&quot;0&quot;,&quot;credit&quot;:&quot;&quot;,&quot;camera&quot;:&quot;&quot;,&quot;caption&quot;:&quot;&quot;,&quot;created_timestamp&quot;:&quot;0&quot;,&quot;copyright&quot;:&quot;&quot;,&quot;focal_length&quot;:&quot;0&quot;,&quot;iso&quot;:&quot;0&quot;,&quot;shutter_speed&quot;:&quot;0&quot;,&quot;title&quot;:&quot;&quot;,&quot;orientation&quot;:&quot;0&quot;}\" data-image-title=\"Boeuf &agrave; la mangue\" data-image-description=\"\" data-medium-file=\"https://blog.jumbo.mu/wp-content/uploads/2014/08/Fotolia_42395421_Subscription_Monthly_M-e1409300219382-300x264.jpg\" data-large-file=\"https://blog.jumbo.mu/wp-content/uploads/2014/08/Fotolia_42395421_Subscription_Monthly_M-e1409300219382.jpg\" /></p>\r\n<p style=\"box-sizing: border-box; margin: 0px 0px 10px; color: #333333; font-family: proxima-nova, sans-serif; font-size: 18px;\">&nbsp;</p>\r\n<p style=\"box-sizing: border-box; margin: 0px 0px 10px; color: #333333; font-family: proxima-nova, sans-serif; font-size: 18px;\">Surprenez vos convives avec cette recette qui ne manque pas de saveur.&nbsp;Il vous faut :</p>\r\n<ul style=\"box-sizing: border-box; margin-top: 0px; margin-bottom: 10px; color: #999999; font-family: proxima-nova, sans-serif; font-size: 18px;\">\r\n<li style=\"box-sizing: border-box; color: #333333;\">400g de rumsteack ou noix de Basse c&ocirc;te</li>\r\n<li style=\"box-sizing: border-box; color: #333333;\">3 mangues</li>\r\n<li style=\"box-sizing: border-box; color: #333333;\">2 poivrons verts</li>\r\n<li style=\"box-sizing: border-box; color: #333333;\">1 blanc de poireau</li>\r\n<li style=\"box-sizing: border-box; color: #333333;\">1 pinc&eacute;e de gingembre r&acirc;p&eacute;</li>\r\n<li style=\"box-sizing: border-box; color: #333333;\">1 cuil &agrave; caf&eacute; de 5 &eacute;pices</li>\r\n<li style=\"box-sizing: border-box; color: #333333;\">4 cuil &agrave; soupe d&rsquo;huile</li>\r\n</ul>\r\n<p style=\"box-sizing: border-box; margin: 0px 0px 10px; color: #333333; font-family: proxima-nova, sans-serif; font-size: 18px;\">Pour la marinade :</p>\r\n<ul style=\"box-sizing: border-box; margin-top: 0px; margin-bottom: 10px; color: #999999; font-family: proxima-nova, sans-serif; font-size: 18px;\">\r\n<li style=\"box-sizing: border-box; color: #333333;\">2 cuil &agrave; soupe de sauce soja</li>\r\n<li style=\"box-sizing: border-box; color: #333333;\">1 cuil &agrave; soupe d&rsquo;huile</li>\r\n<li style=\"box-sizing: border-box; color: #333333;\">3 pinc&eacute;es de sucre en poudre</li>\r\n<li style=\"box-sizing: border-box; color: #333333;\">3 pinc&eacute;es de sel</li>\r\n<li style=\"box-sizing: border-box; color: #333333;\">1 cuil &agrave; soupe de f&eacute;cule de ma&iuml;s (Maizena)</li>\r\n</ul>\r\n<p style=\"box-sizing: border-box; margin: 0px 0px 10px; color: #333333; font-family: proxima-nova, sans-serif; font-size: 18px;\">Coupez la viande en fines lamelles. Pr&eacute;parez la marinade : dans un plat creux, d&eacute;layez la ma&iuml;zena avec la sauce soja puis ajoutez l&rsquo;huile, le sucre et le sel. M&eacute;langez bien puis faites mariner la viande 30 min dans ce m&eacute;lange. &Eacute;mincez le blanc de poireau.</p>\r\n<p style=\"box-sizing: border-box; margin: 0px 0px 10px; color: #333333; font-family: proxima-nova, sans-serif; font-size: 18px;\">Pelez les mangues, tranchez la chair en lamelles autour du noyau. Retirez le p&eacute;doncule et les graines des poivrons. Coupez-les en fines lani&egrave;res. Dans une grande po&ecirc;le, faites chauffer l&rsquo;huile. &Eacute;gouttez la viande &agrave; l&rsquo;aide d&rsquo;un &eacute;cumoire et jetez-la dans l&rsquo;huile bien chaude.</p>\r\n<p style=\"box-sizing: border-box; margin: 0px 0px 10px; color: #333333; font-family: proxima-nova, sans-serif; font-size: 18px;\">Faites sauter la viande en la retournant de temps en temps sur feu vif, pour la d&eacute;coller de la po&ecirc;le et la saisir de chaque c&ocirc;t&eacute;. Retirez-la de la po&ecirc;le avec l&rsquo;&eacute;cumoire et r&eacute;servez. A sa place, faites revenir le blanc de poireau, les morceaux de mangues et poivrons 3 min de fa&ccedil;on &agrave; les garder croquants. Tenez la po&ecirc;le hors du feu. Dans le plat de la marinade, ajoutez le m&eacute;lange 5 &eacute;pices, le gingembre et 1 verre d&rsquo;eau.</p>\r\n<p style=\"box-sizing: border-box; margin: 0px 0px 10px; color: #333333; font-family: proxima-nova, sans-serif; font-size: 18px;\">M&eacute;langez et versez dans la po&ecirc;le. Ajoutez la viande et faites &eacute;paissir doucement.<br style=\"box-sizing: border-box;\" />Rectifiez l&rsquo;assaisonnement, poivrez au moulin. Dressez sur un plat chaud et servez sans attendre avec du riz !</p>", "categorie": 7, "status": true, "date_add": "2020-05-16T01:03:57.863Z", "date_update": "2020-05-16T01:03:59.803Z", "tags": [18, 23]}}, {"model": "blog.article", "pk": 6, "fields": {"titre": "Tartes au potiron multisaveurs", "titre_slug": "tartes-au-potiron-multisaveurs-1679091c5a880faf6fb5e6087eb1b2dc", "cover": "articles/po.jpg", "contenu": "<header class=\"header\" style=\"font-family: Georgia, Times, serif; font-size: 22px;\">\r\n<h1 class=\"post-title\" style=\"margin: 0px; padding: 0px; font-size: 1.591em; font-weight: normal; font-family: Arvo, Helvetica, Arial, sans-serif; line-height: 55px;\">Tarte au potiron multi saveurs</h1>\r\n<p class=\"meta\" style=\"margin: 0px 0px 30px; padding: 0px; font-size: 0.9em; font-style: italic;\">&nbsp;</p>\r\n</header>\r\n<div class=\"body\" style=\"margin: 0px; padding: 0px; font-family: Georgia, Times, serif; font-size: 22px;\">\r\n<div class=\"ob-sections\" style=\"margin: 0px; padding: 0px;\">\r\n<div class=\"ob-section ob-section-html\" style=\"margin: 0px 0px 20px; padding: 0px; overflow-wrap: break-word; box-sizing: border-box; zoom: 1; max-width: 100%;\">\r\n<div style=\"margin: 0px; padding: 0px; box-sizing: border-box; max-width: 100%; text-align: justify;\"><img class=\"CtreTexte\" style=\"border: 0px; box-sizing: border-box;\" src=\"http://idata.over-blog.com/0/58/03/91/desserts/tarte-potiron.jpg\" width=\"160\" height=\"120\" data-pin-nopin=\"true\" /></div>\r\n<div style=\"margin: 0px; padding: 0px; box-sizing: border-box; max-width: 100%; text-align: justify;\">Voici une recette sucr&eacute;e de potiron. Eh oui comme vous pouvez le voir sur la photo, je vais pouvoir faire pas mal de recettes au potiron car je n'ai que 2 potirons dans mon jardin mais 2 de cette taille.<br style=\"box-sizing: border-box;\" />J'ai donc trouv&eacute; des tartelettes bien app&eacute;tissantes sur le blog de&nbsp;<a style=\"text-decoration-line: none; color: #0084b4; box-sizing: border-box;\" title=\"Aller voir ce site !!!\" href=\"http://mickymath.over-blog.com/article-13303395.html\">Au Jardin des d&eacute;lices</a>; que j'ai modifi&eacute; en version sucr&eacute;e. Je tiens &agrave;&nbsp; remercier Micky car grace &agrave; elle j'ai trouv&eacute;e une recette au potiron sucr&eacute;e d&eacute;licieuse et elle a plut aussi &agrave; ma famille. Son blog est vraiment tr&egrave;s int&eacute;ressant.</div>\r\n<p style=\"margin: 0px 0px 30px; padding: 0px; box-sizing: border-box; max-width: 100%;\"><br style=\"box-sizing: border-box;\" /><img class=\"CtreTexte\" style=\"border: 0px; box-sizing: border-box;\" src=\"http://idata.over-blog.com/0/58/03/91/desserts/tarte-au-potiron.jpg\" data-pin-nopin=\"true\" /></p>\r\n<p style=\"margin: 0px 0px 30px; padding: 0px; box-sizing: border-box; max-width: 100%;\"><span style=\"box-sizing: border-box; color: #99cc00;\">Inr&eacute;dients pour une tarte d'environ 20 cm :</span><br style=\"box-sizing: border-box; color: #99cc00;\" /><br style=\"box-sizing: border-box;\" /><span style=\"box-sizing: border-box; color: #99cc00;\">pour la pate bris&eacute;e:</span><br style=\"box-sizing: border-box;\" />150 gr de farine<br style=\"box-sizing: border-box;\" />75 gr de beurre<br style=\"box-sizing: border-box;\" />1/2 verre d'eau<br style=\"box-sizing: border-box;\" />1 pinc&eacute;e de sel<br style=\"box-sizing: border-box;\" />1 cs de sucre<br style=\"box-sizing: border-box;\" />1 cc de cannelle<br style=\"box-sizing: border-box;\" /><br style=\"box-sizing: border-box;\" /><span style=\"box-sizing: border-box; color: #99cc00;\">pour la garniture:</span><br style=\"box-sizing: border-box;\" />250 gr de potiron<br style=\"box-sizing: border-box;\" />50 gr de sucre roux<br style=\"box-sizing: border-box;\" />100 gr de fromage blanc<br style=\"box-sizing: border-box;\" />1 oeuf<br style=\"box-sizing: border-box;\" />2 cc ma&Iuml;zena<br style=\"box-sizing: border-box;\" />2 cs de caramel<br style=\"box-sizing: border-box;\" />2 poires<br style=\"box-sizing: border-box;\" />cannelle<br style=\"box-sizing: border-box;\" />5 noix concass&eacute;es</p>\r\n<p style=\"margin: 0px 0px 30px; padding: 0px; box-sizing: border-box; max-width: 100%;\"><span style=\"box-sizing: border-box; color: #234656; line-height: 1.5em; text-align: justify; font-family: inherit;\">1) Pr&eacute;parer la p&acirc;te bris&eacute;e en m&eacute;langeant tous les ingr&eacute;dients (je la fait au robot) et laissez reposer 1 h au frigo.</span></p>\r\n<div id=\"yui_3_5_0_1_1448646800045_175868\" style=\"margin: 0px; padding: 0px; box-sizing: border-box; max-width: 100%; text-align: justify;\">2) Faire cuire le potiron au micro ondes jusqu'&agrave; ce qu'il soit bien tendre. Le m&eacute;langer au sucre puis ajoutez le fromage blanc, la ma&Iuml;zena, et l'oeuf de fa&ccedil;on &agrave; faire une cr&egrave;me au potiron.<br style=\"box-sizing: border-box;\" />3) Etalez la p&acirc;te et mettre dans la tourti&eacute;re. Badigeonner le fond de tarte avec le caramel. Versez la cr&egrave;me de potiron et soupoudrez de cannelle.<br style=\"box-sizing: border-box;\" />4) Epluchez et coupez les poires en lamelles pas trop fines puis disposez les sur la tarte. Parsemez de brisures de noix, et cuire 30 &agrave;35 mn au four pr&eacute;chauff&eacute; &agrave; 200&deg;.</div>\r\n<div id=\"yui_3_5_0_1_1448646800045_175706\" style=\"margin: 0px; padding: 0px; box-sizing: border-box; max-width: 100%; text-align: justify;\"><img class=\"CtreTexte\" style=\"border: 0px; box-sizing: border-box;\" src=\"http://idata.over-blog.com/0/58/03/91/desserts/tarte-poti-poire.jpg\" width=\"160\" height=\"120\" data-pin-nopin=\"true\" /></div>\r\n<div style=\"margin: 0px; padding: 0px; box-sizing: border-box; max-width: 100%; text-align: justify;\">Miam! r&eacute;galez vous. Et encore un grand merci &agrave; Micky. J'esp&egrave;re qu'elle ne m'en voudra pas d'avoir modifi&eacute; sa recette en version sucr&eacute;e. Bon app&eacute;tit.</div>\r\n</div>\r\n</div>\r\n</div>", "categorie": 5, "status": true, "date_add": "2020-05-16T01:10:58.324Z", "date_update": "2020-05-16T01:10:58.707Z", "tags": [19]}}, {"model": "blog.commentaire", "pk": 1, "fields": {"article": 1, "prenom": "Paul", "nom": "amichia", "email": "paul@gmail.com", "message": "Waouh les \u00e9pices sont bonnes pour la sant\u00e9. Veuillez les consommez au moins 2 fois par jour", "cover": "", "status": true, "date_add": "2020-05-27T18:38:14.386Z", "date_update": "2020-05-27T18:38:14.387Z"}}, {"model": "blog.commentaire", "pk": 2, "fields": {"article": 1, "prenom": "Yao", "nom": "tido", "email": "a@gmail.com", "message": "C'est doux d\u00e8s. C'est \u00e0 acheter et d\u00e9guster fortement.", "cover": "", "status": true, "date_add": "2020-05-27T18:41:45.707Z", "date_update": "2020-05-27T18:41:45.708Z"}}, {"model": "blog.commentaire", "pk": 3, "fields": {"article": 1, "prenom": "Carl", "nom": "emmanuelle", "email": "Carll@gmail.com", "message": "Babette meilleur site cuisto vendeurs et conseillers merci pour les blogs enrichissants surtout celui des boeufs exotiques", "cover": "", "status": true, "date_add": "2020-05-27T18:45:10.818Z", "date_update": "2020-05-27T18:45:10.819Z"}}, {"model": "blog.commentaire", "pk": 4, "fields": {"article": 2, "prenom": "Josu\u00e9", "nom": "Yao", "email": "jyao2000@yahoo.fr", "message": "Ceci est un petit commentaire", "cover": "singleblog/i_am_rich_app_icon.png", "status": true, "date_add": "2020-05-28T08:34:19.267Z", "date_update": "2020-05-28T08:34:19.267Z"}}, {"model": "blog.commentaire", "pk": 5, "fields": {"article": 2, "prenom": "Paul", "nom": "Gnogan", "email": "gp@gmail.com", "message": "petit commentaire", "cover": "singleblog/diamond.png", "status": true, "date_add": "2020-05-28T08:59:47.549Z", "date_update": "2020-05-28T08:59:47.549Z"}}, {"model": "restaurant.faq", "pk": 1, "fields": {"question": "Ou se trouve le restaurant ?", "reponse": "Le restaurant se trouve \u00e0 Grand-Bassam Rue Mockey pr\u00e8s de l'hotel St Jo", "status": true, "date_add": "2020-05-12T10:56:36.476Z", "date_update": "2020-05-12T10:56:36.476Z"}}, {"model": "restaurant.faq", "pk": 2, "fields": {"question": "L'\u00e9tablissement  a combien d'\u00e9toiles ?", "reponse": "Babette est un restaurant dot\u00e9 de 5 \u00e9toiles", "status": true, "date_add": "2020-05-12T10:57:45.747Z", "date_update": "2020-05-12T10:57:45.747Z"}}, {"model": "restaurant.faq", "pk": 3, "fields": {"question": "Le menu favori ?", "reponse": "Plat du porc au four et le poulet piqu\u00e9", "status": true, "date_add": "2020-05-12T10:59:17.138Z", "date_update": "2020-05-12T10:59:17.138Z"}}, {"model": "restaurant.faq", "pk": 4, "fields": {"question": "Depuis combien d'ann\u00e9es le restaurant existent ?", "reponse": "Le restaurant existe depuis F\u00e9vrier 2001 avec l'ouverture faite pas le millionnaire Paul Gnogan", "status": true, "date_add": "2020-05-12T11:00:43.188Z", "date_update": "2020-05-12T11:00:43.188Z"}}, {"model": "restaurant.faq", "pk": 5, "fields": {"question": "Quel est le code du WIFI ?", "reponse": "Le code du woofo est babette0123", "status": true, "date_add": "2020-05-12T11:02:22.738Z", "date_update": "2020-05-12T11:02:22.738Z"}}, {"model": "restaurant.faq", "pk": 6, "fields": {"question": "Quelle est l\u2019origine de vos fruits et l\u00e9gumes?", "reponse": "L'origine de nos fruits et l\u00e9gumes sont la chine et la c\u00f4te d'ivoire", "status": true, "date_add": "2020-05-12T11:04:24.974Z", "date_update": "2020-05-12T11:04:24.975Z"}}, {"model": "restaurant.faq", "pk": 7, "fields": {"question": "Quelle est l\u2019origine de vos fruits et l\u00e9gumes?", "reponse": "L'origine de nos fruits et l\u00e9gumes sont la chine et la c\u00f4te d'ivoire", "status": true, "date_add": "2020-05-12T11:04:43.549Z", "date_update": "2020-05-12T11:04:43.549Z"}}, {"model": "restaurant.faq", "pk": 8, "fields": {"question": "est ce qu'il y a un suppl\u00e9ment ?", "reponse": "Oui mais cela depend du plat mais dans tous les cas nous ferons tout pour vous satisfaire", "status": true, "date_add": "2020-05-12T11:06:01.356Z", "date_update": "2020-05-12T11:06:01.356Z"}}, {"model": "restaurant.faq", "pk": 9, "fields": {"question": "Pouvez vous modifier un plat selon mes allergies ?", "reponse": "Oui cher client vous \u00eates n\u00f4tre priorit\u00e9 , mais cela  chauffera le portefeuille xD rire!!!", "status": true, "date_add": "2020-05-12T11:10:00.654Z", "date_update": "2020-05-12T11:10:00.654Z"}}, {"model": "restaurant.faq", "pk": 10, "fields": {"question": "Les dur\u00e9es d'arriv\u00e9es des diff\u00e9rents plats ?", "reponse": "La pr\u00e9paration des plats fait au maximum 20mn  et plus de cette durr\u00e9e nous offrons des app\u00e9ritifs pour attendre juste un peu", "status": true, "date_add": "2020-05-12T11:12:13.452Z", "date_update": "2020-05-12T11:12:13.452Z"}}, {"model": "restaurant.faq", "pk": 11, "fields": {"question": "Pouvez vous me faire un emporter avec le reste de mon plat ?", "reponse": "Biensur cher client dans notre \u00e9tablissement vous \u00eates roi.", "status": true, "date_add": "2020-05-12T11:13:29.901Z", "date_update": "2020-05-12T11:13:29.901Z"}}, {"model": "restaurant.faq", "pk": 12, "fields": {"question": "Est ce que les menus sont dans tous les restaurants babette ?", "reponse": "Oui nous avons exactement les m\u00eames menus dans tous nos restaurants", "status": true, "date_add": "2020-05-12T11:14:56.827Z", "date_update": "2020-05-12T11:14:56.827Z"}}, {"model": "restaurant.faq", "pk": 13, "fields": {"question": "Comment avoir des cartes cadeaux ?", "reponse": "En fonction de vos r\u00e9servatons et de votre ponctualit\u00e9 dans notre restaurants vous aurez des cartes cadeaux", "status": true, "date_add": "2020-05-12T11:17:38.184Z", "date_update": "2020-05-12T11:17:38.184Z"}}, {"model": "restaurant.faq", "pk": 14, "fields": {"question": "comment savoir si la carte cadeau est valide ?", "reponse": "On vous enverra un message des qu'elle sera \u00e9puis\u00e9e", "status": true, "date_add": "2020-05-12T11:19:05.475Z", "date_update": "2020-05-12T11:19:05.475Z"}}, {"model": "restaurant.faq", "pk": 15, "fields": {"question": "Qui a fond\u00e9 Babette ?", "reponse": "Le fondateur de Babette est le g\u00e9nie Soro Daouda mangeur pro", "status": true, "date_add": "2020-05-12T11:20:30.544Z", "date_update": "2020-05-12T11:20:30.544Z"}}, {"model": "restaurant.faq", "pk": 16, "fields": {"question": "Combien y a t'il de restaurant Babette en C\u00f4te d'Ivoire ?", "reponse": "il y 8 restaurants babette en C\u00f4te d'Ivoire", "status": true, "date_add": "2020-05-12T11:23:42.297Z", "date_update": "2020-05-12T11:23:42.298Z"}}, {"model": "restaurant.categorie", "pk": 1, "fields": {"titre": "Entr\u00e9s", "status": true, "date_add": "2020-05-12T10:50:17.704Z", "date_update": "2020-05-12T10:50:17.705Z"}}, {"model": "restaurant.categorie", "pk": 2, "fields": {"titre": "Plat de resistance", "status": true, "date_add": "2020-05-12T10:51:14.263Z", "date_update": "2020-05-12T10:51:14.263Z"}}, {"model": "restaurant.categorie", "pk": 3, "fields": {"titre": "Desserts", "status": true, "date_add": "2020-05-12T10:51:53.793Z", "date_update": "2020-05-12T10:51:53.793Z"}}, {"model": "restaurant.ingredient", "pk": 1, "fields": {"titre": "Banane grill\u00e9es, poissons fris, sauce tomate", "status": true, "date_add": "2020-05-12T11:28:32.564Z", "date_update": "2020-05-12T11:28:32.564Z"}}, {"model": "restaurant.ingredient", "pk": 2, "fields": {"titre": "Banane grill\u00e9es, poulet brais\u00e9, sauce tomate", "status": true, "date_add": "2020-05-12T11:29:26.059Z", "date_update": "2020-05-12T11:29:26.059Z"}}, {"model": "restaurant.ingredient", "pk": 3, "fields": {"titre": "Banane grill\u00e9es,poulet piqu\u00e9, sauce tomate", "status": true, "date_add": "2020-05-12T11:31:31.108Z", "date_update": "2020-05-12T11:31:31.108Z"}}, {"model": "restaurant.ingredient", "pk": 4, "fields": {"titre": "Atti\u00e9k\u00e9,poisson thon grill\u00e9,piment,tomate", "status": true, "date_add": "2020-05-12T11:32:19.865Z", "date_update": "2020-05-12T11:32:19.866Z"}}, {"model": "restaurant.ingredient", "pk": 5, "fields": {"titre": "Atti\u00e9k\u00e9,poulet brais\u00e9,piment,oignons tomates", "status": true, "date_add": "2020-05-12T11:33:26.188Z", "date_update": "2020-05-12T11:33:26.188Z"}}, {"model": "restaurant.ingredient", "pk": 6, "fields": {"titre": "Banane pil\u00e9e, sauce graine,viande de brousse,coquelettes,escargots", "status": true, "date_add": "2020-05-12T11:34:24.844Z", "date_update": "2020-05-12T11:34:24.844Z"}}, {"model": "restaurant.ingredient", "pk": 7, "fields": {"titre": "Bananes \u00e9cras\u00e9es,sauce foufou,coquelettes,poissons", "status": true, "date_add": "2020-05-12T11:35:42.552Z", "date_update": "2020-05-12T11:35:42.553Z"}}, {"model": "restaurant.ingredient", "pk": 8, "fields": {"titre": "pattes,sauce tomage,viandes hach\u00e9es", "status": true, "date_add": "2020-05-12T11:36:53.794Z", "date_update": "2020-05-12T11:36:53.794Z"}}, {"model": "restaurant.ingredient", "pk": 9, "fields": {"titre": "avocats,olives,tomates", "status": true, "date_add": "2020-05-12T11:38:46.558Z", "date_update": "2020-05-12T11:38:46.559Z"}}, {"model": "restaurant.ingredient", "pk": 10, "fields": {"titre": "oeufs en tranches ,tomates,ails,oignons,carottes rap\u00e9es, oignons verts,sardines de thons", "status": true, "date_add": "2020-05-12T11:41:11.092Z", "date_update": "2020-05-12T11:41:11.094Z"}}, {"model": "restaurant.ingredient", "pk": 11, "fields": {"titre": "Salade, tomates,Fromage", "status": true, "date_add": "2020-05-12T11:42:09.267Z", "date_update": "2020-05-12T11:42:09.272Z"}}, {"model": "restaurant.ingredient", "pk": 12, "fields": {"titre": "Salade, jambon,tomates,oeufs tranch\u00e9s", "status": true, "date_add": "2020-05-12T11:43:10.433Z", "date_update": "2020-05-12T11:43:10.433Z"}}, {"model": "restaurant.ingredient", "pk": 13, "fields": {"titre": "manioc pil\u00e9e,sauce gombo, viande de brousse,poissons", "status": true, "date_add": "2020-05-12T11:44:13.042Z", "date_update": "2020-05-12T11:44:13.042Z"}}, {"model": "restaurant.ingredient", "pk": 14, "fields": {"titre": "pain de burger,salade,tomates,steak hach\u00e9e", "status": true, "date_add": "2020-05-12T11:45:21.604Z", "date_update": "2020-05-12T11:45:21.604Z"}}, {"model": "restaurant.ingredient", "pk": 15, "fields": {"titre": "pain de burger,fromage,tomates,steak hach\u00e9e ,ketchup", "status": true, "date_add": "2020-05-12T11:46:10.343Z", "date_update": "2020-05-12T11:46:10.343Z"}}, {"model": "restaurant.ingredient", "pk": 16, "fields": {"titre": "pommes de terre coup\u00e9s en tranche,poissons brais\u00e9,sauce tomate,oignons,tomates", "status": true, "date_add": "2020-05-12T11:47:05.741Z", "date_update": "2020-05-12T11:47:05.742Z"}}, {"model": "restaurant.ingredient", "pk": 17, "fields": {"titre": "oeufs,farine,chocolats noir blanc et au lait", "status": true, "date_add": "2020-05-12T11:48:27.102Z", "date_update": "2020-05-12T11:48:27.102Z"}}, {"model": "restaurant.ingredient", "pk": 18, "fields": {"titre": "oeufs,farine, lait,sucre,chocolat", "status": true, "date_add": "2020-05-12T11:51:50.308Z", "date_update": "2020-05-12T11:51:50.308Z"}}, {"model": "restaurant.ingredient", "pk": 19, "fields": {"titre": "oeufs,sucre ,cr\u00e8me fraiche,1 gousse de vanille", "status": true, "date_add": "2020-05-12T11:54:39.850Z", "date_update": "2020-05-12T11:54:39.850Z"}}, {"model": "restaurant.ingredient", "pk": 20, "fields": {"titre": "oeufs,sucre ,cr\u00e8me fraiche,1 gousse de chocolat,", "status": true, "date_add": "2020-05-12T11:55:56.061Z", "date_update": "2020-05-12T11:55:56.061Z"}}, {"model": "restaurant.ingredient", "pk": 21, "fields": {"titre": "Mascapone,sucre,poudre de cacao,oeufs", "status": true, "date_add": "2020-05-12T12:00:44.586Z", "date_update": "2020-05-12T12:00:44.586Z"}}, {"model": "restaurant.menu", "pk": 1, "fields": {"categorie": 2, "titre": "Le garba", "cover": "garba.jpg", "isrecommended": true, "prix": 2000.0, "status": true, "date_add": "2020-05-12T12:22:36.261Z", "date_update": "2020-05-12T12:22:36.261Z", "ingredients": [4]}}, {"model": "restaurant.menu", "pk": 2, "fields": {"categorie": 2, "titre": "Alloco avec du poulet brais\u00e9", "cover": "alloco_poulet.jpg", "isrecommended": true, "prix": 3500.0, "status": true, "date_add": "2020-05-12T12:24:16.586Z", "date_update": "2020-05-12T12:24:16.586Z", "ingredients": [2]}}, {"model": "restaurant.menu", "pk": 3, "fields": {"categorie": 2, "titre": "Foutou avec sauce graine", "cover": "foutou_sauce_graine.jpg", "isrecommended": true, "prix": 4000.0, "status": true, "date_add": "2020-05-12T12:25:48.552Z", "date_update": "2020-05-12T12:25:48.553Z", "ingredients": [6]}}, {"model": "restaurant.menu", "pk": 4, "fields": {"categorie": 2, "titre": "Alloco poulet piqu\u00e9", "cover": "alloco_poulet_brais\u00e9.jpg", "isrecommended": true, "prix": 3500.0, "status": true, "date_add": "2020-05-12T12:28:21.906Z", "date_update": "2020-05-12T12:28:21.906Z", "ingredients": [3]}}, {"model": "restaurant.menu", "pk": 5, "fields": {"categorie": 2, "titre": "Atti\u00e9k\u00e9 avec du poulet brais\u00e9", "cover": "atti\u00e9k\u00e9_poulet.jpg", "isrecommended": true, "prix": 3000.0, "status": true, "date_add": "2020-05-12T12:30:23.208Z", "date_update": "2020-05-12T12:30:23.208Z", "ingredients": [5]}}, {"model": "restaurant.menu", "pk": 6, "fields": {"categorie": 2, "titre": "Foufou avec sauce foufou", "cover": "foufou_sauce.jpg", "isrecommended": true, "prix": 2550.0, "status": true, "date_add": "2020-05-12T12:33:10.628Z", "date_update": "2020-05-12T12:33:10.629Z", "ingredients": [7]}}, {"model": "restaurant.menu", "pk": 7, "fields": {"categorie": 2, "titre": "Spaghetti bolognese", "cover": "spa_bolognaise.jpg", "isrecommended": true, "prix": 2800.0, "status": true, "date_add": "2020-05-12T12:35:09.483Z", "date_update": "2020-05-12T12:35:09.484Z", "ingredients": [8]}}, {"model": "restaurant.menu", "pk": 8, "fields": {"categorie": 1, "titre": "Plat d'avocats olives", "cover": "avocat.jpg", "isrecommended": true, "prix": 1000.0, "status": true, "date_add": "2020-05-12T12:37:40.473Z", "date_update": "2020-05-12T12:37:40.473Z", "ingredients": [9]}}, {"model": "restaurant.menu", "pk": 9, "fields": {"categorie": 1, "titre": "Crudit\u00e9s compl\u00e8te", "cover": "crudite.jpg", "isrecommended": true, "prix": 3000.0, "status": true, "date_add": "2020-05-12T12:40:37.828Z", "date_update": "2020-05-12T12:40:37.828Z", "ingredients": [10]}}, {"model": "restaurant.menu", "pk": 10, "fields": {"categorie": 2, "titre": "Placali sauce gombo", "cover": "placali_sauce_gombo.jpg", "isrecommended": true, "prix": 2000.0, "status": true, "date_add": "2020-05-12T12:43:47.733Z", "date_update": "2020-05-12T12:43:47.733Z", "ingredients": [13]}}, {"model": "restaurant.menu", "pk": 11, "fields": {"categorie": 2, "titre": "Hamburger", "cover": "cheesburger.jpg", "isrecommended": true, "prix": 2500.0, "status": true, "date_add": "2020-05-12T12:45:49.752Z", "date_update": "2020-05-12T12:45:49.755Z", "ingredients": [14]}}, {"model": "restaurant.menu", "pk": 12, "fields": {"categorie": 2, "titre": "Cheesburger frites", "cover": "burger_frites.jpg", "isrecommended": true, "prix": 3500.0, "status": true, "date_add": "2020-05-12T12:48:08.768Z", "date_update": "2020-05-12T12:48:08.768Z", "ingredients": [15]}}, {"model": "restaurant.menu", "pk": 13, "fields": {"categorie": 3, "titre": "Mousse aux chocolats", "cover": "moussechocolat.jpg", "isrecommended": true, "prix": 2000.0, "status": true, "date_add": "2020-05-12T12:50:10.481Z", "date_update": "2020-05-12T12:50:10.481Z", "ingredients": [17]}}, {"model": "restaurant.menu", "pk": 14, "fields": {"categorie": 3, "titre": "TIramisu", "cover": "tiramisu.jpg", "isrecommended": true, "prix": 3000.0, "status": true, "date_add": "2020-05-12T12:52:23.953Z", "date_update": "2020-05-12T12:52:23.953Z", "ingredients": [21]}}, {"model": "restaurant.menu", "pk": 15, "fields": {"categorie": 3, "titre": "Glace aux chocolats,malaga", "cover": "glace.jpg", "isrecommended": true, "prix": 1000.0, "status": true, "date_add": "2020-05-12T12:54:32.072Z", "date_update": "2020-05-12T12:54:32.073Z", "ingredients": [20]}}, {"model": "restaurant.menu", "pk": 16, "fields": {"categorie": 3, "titre": "Gateau milles feuilles", "cover": "millesfeuilles.jpg", "isrecommended": true, "prix": 1500.0, "status": true, "date_add": "2020-05-12T12:56:28.400Z", "date_update": "2020-05-12T12:56:28.401Z", "ingredients": [18]}}, {"model": "restaurant.titreguest", "pk": 1, "fields": {"titre": "Le livre d'or", "soustitre": "Notre personnel s'exprime", "status": true, "date_add": "2020-05-29T01:03:27.623Z", "date_update": "2020-05-29T01:03:27.628Z"}}, {"model": "restaurant.guest", "pk": 2, "fields": {"nom": "Paul Gnogan", "metier": "D\u00e9veloppeur web", "message": "Salut chers tous, en tant que repr\u00e9sentant des d\u00e9veloppeurs de Babette juste vous dire merci , plus de 2 millions au moins par mois visitent ce site et pr\u00e8s d'un million passe des commandes Merci pour la confiance.", "cover": "1.jpg", "status": true, "date_add": "2020-05-29T01:18:22.200Z", "date_update": "2020-05-29T01:18:22.201Z"}}, {"model": "restaurant.guest", "pk": 3, "fields": {"nom": "Yao Josu\u00e9", "metier": "Chef des d\u00e9veloppeurs web et D\u00e9veloppeur Full stack", "message": "Salut \u00e0 tous Heureux de m'exprimer \u00e0 l'endroit de Babette dont le site  est devenu num\u00e9ro 1 en Afrique par rapport \u00e0 ce qu'il apporte \u00e0 l'international. F\u00e9licitations", "cover": "5.jpg", "status": true, "date_add": "2020-05-29T01:20:52.447Z", "date_update": "2020-05-29T01:20:52.448Z"}}, {"model": "restaurant.guest", "pk": 4, "fields": {"nom": "Lago Aya", "metier": "Comptable", "message": "Salut \u00e0 tous, juste remercier de la confiance que nous font les clients , dire merci au d\u00e9veloppeurs, a tous parce que grace aussi \u00e0 vous  on devient assez rentable et surtout  merci \u00e0 toute l'\u00e9quipe, On est ensemble \u2665", "cover": "7.jpg", "status": true, "date_add": "2020-05-29T01:22:55.798Z", "date_update": "2020-05-29T01:22:55.799Z"}}, {"model": "restaurant.guest", "pk": 5, "fields": {"nom": "Kpovl\u00e9 Amichia", "metier": "Mangeur pro", "message": "Salut \u00e0 tous ici le meilleur des mangeurs professionnels , merci \u00e0 Babette pour l'opportunit\u00e9 que j'ai de montrer au monde qu'il n'y a pas mangeur que moi j'en profite chaque jour surtout je me remplis les poches lol mercii Babette.", "cover": "10.jpg", "status": true, "date_add": "2020-05-29T01:24:37.750Z", "date_update": "2020-05-29T01:24:37.751Z"}}, {"model": "restaurant.guest", "pk": 6, "fields": {"nom": "Bakayoko Myriam", "metier": "Chef cuisinier", "message": "Hello \u00e0 tous j'esp\u00e8re que vous allez bien la nourriture \u00e0 Babette est excellente je le sais car je suis la meilleure j'esp\u00e8re que sa vous plaira de plus en plus avec les nouveaut\u00e9s merci et profitez bien", "cover": "1_INFNEk2.jpg", "status": true, "date_add": "2020-05-29T01:26:20.247Z", "date_update": "2020-05-29T01:26:20.247Z"}}, {"model": "restaurant.guest", "pk": 7, "fields": {"nom": "Zabra Enock", "metier": "Designer", "message": "Coucou, vous allez bien j'esp\u00e8re je suis le Designer de Babette et j'es\u00e8pre que vous aimez tous mes choix de photo images ....... Merciii", "cover": "3.jpg", "status": true, "date_add": "2020-05-29T01:28:52.787Z", "date_update": "2020-05-29T01:28:52.788Z"}}, {"model": "restaurant.tel", "pk": 1, "fields": {"titre": "Heures d'ouvertures", "dispo": "Voyez nos disponibilit\u00e9s", "call": "Appelez nous", "tel": "0022578787878", "status": true, "date_add": "2020-05-29T15:06:08.136Z", "date_update": "2020-05-29T15:06:08.136Z"}}, {"model": "restaurant.phydata", "pk": 2, "fields": {"jours": "7", "hdebut": null, "hfin": null, "status": true, "date_add": "2020-05-29T09:12:14.129Z", "date_update": "2020-05-30T16:08:58.181Z"}}, {"model": "restaurant.phydata", "pk": 3, "fields": {"jours": "6", "hdebut": "08:30:00", "hfin": "03:00:00", "status": true, "date_add": "2020-05-29T13:08:24.482Z", "date_update": "2020-05-30T16:08:50.129Z"}}, {"model": "restaurant.phydata", "pk": 4, "fields": {"jours": "1", "hdebut": "09:00:00", "hfin": "00:00:00", "status": true, "date_add": "2020-05-29T14:19:20.644Z", "date_update": "2020-05-30T16:08:41.461Z"}}, {"model": "restaurant.ticket", "pk": 1, "fields": {"titre": "Billets disponible", "ticket": 100, "tick_rest": 50, "prix": 3500.0, "status": true, "date_add": "2020-05-31T16:38:10.212Z", "date_update": "2020-05-31T16:38:10.212Z"}}, {"model": "restaurant.ticket", "pk": 2, "fields": {"titre": "Billets \u00e9puis\u00e9s", "ticket": 0, "tick_rest": 0, "prix": 3000.0, "status": true, "date_add": "2020-05-31T16:38:38.066Z", "date_update": "2020-05-31T16:38:38.066Z"}}, {"model": "restaurant.event", "pk": 1, "fields": {"titre": "Festivals de grillades", "cover": "festi.jpg", "titre_slug": null, "date_deb": "2020-09-03", "date_fin": "2020-09-07", "description": "", "status": true, "date_add": "2020-05-31T16:43:27.783Z", "date_update": "2020-05-31T16:43:27.783Z", "ticket": [1]}}, {"model": "restaurant.event", "pk": 2, "fields": {"titre": "Festivals d'alloco", "cover": "festiallocco.jpg", "titre_slug": null, "date_deb": "2020-06-03", "date_fin": "2020-06-10", "description": "", "status": true, "date_add": "2020-05-31T16:44:05.220Z", "date_update": "2020-05-31T16:44:05.220Z", "ticket": [1]}}, {"model": "restaurant.event", "pk": 3, "fields": {"titre": "Festivals de Bock", "cover": "festibock.jpg", "titre_slug": null, "date_deb": "2020-06-17", "date_fin": "2020-06-24", "description": "", "status": true, "date_add": "2020-05-31T16:44:43.435Z", "date_update": "2020-05-31T16:44:43.435Z", "ticket": [2]}}, {"model": "restaurant.event", "pk": 4, "fields": {"titre": "Festivals de porcs", "cover": "festiporc.jpg", "titre_slug": null, "date_deb": "2020-12-01", "date_fin": "2020-05-26", "description": "", "status": true, "date_add": "2020-05-31T16:47:16.466Z", "date_update": "2020-05-31T16:47:16.466Z", "ticket": [1]}}, {"model": "shop.tag", "pk": 1, "fields": {"titre": "Banane ,Tomate", "status": true, "date_add": "2020-05-12T22:05:07.854Z", "date_upd": "2020-05-12T22:05:07.855Z"}}, {"model": "shop.tag", "pk": 2, "fields": {"titre": "pommes de terre ,tomates", "status": true, "date_add": "2020-05-12T22:06:07.255Z", "date_upd": "2020-05-12T22:06:07.255Z"}}, {"model": "shop.tag", "pk": 3, "fields": {"titre": "oeufs,farine", "status": true, "date_add": "2020-05-12T22:06:37.939Z", "date_upd": "2020-05-12T22:06:37.939Z"}}, {"model": "shop.tag", "pk": 4, "fields": {"titre": "Steak", "status": true, "date_add": "2020-05-12T22:07:26.224Z", "date_upd": "2020-05-12T22:07:26.225Z"}}, {"model": "shop.tag", "pk": 5, "fields": {"titre": "Mascapone", "status": true, "date_add": "2020-05-12T22:07:55.240Z", "date_upd": "2020-05-12T22:07:55.240Z"}}, {"model": "shop.categorie", "pk": 1, "fields": {"titre": "Entr\u00e9s", "status": true, "date_add": "2020-05-12T22:01:54.301Z", "date_update": "2020-05-12T22:01:54.301Z"}}, {"model": "shop.categorie", "pk": 2, "fields": {"titre": "Plat de resistance", "status": true, "date_add": "2020-05-12T22:02:48.914Z", "date_update": "2020-05-12T22:02:48.915Z"}}, {"model": "shop.categorie", "pk": 3, "fields": {"titre": "Desserts", "status": true, "date_add": "2020-05-12T22:03:18.941Z", "date_update": "2020-05-12T22:03:18.942Z"}}, {"model": "shop.produit", "pk": 1, "fields": {"titre": "Salade cervelas", "titre_slug": "salade-cervelas-c4ca4238a0b923820dcc509a6f75849b", "cover": "Shop/Produits/salades_cervelas_oJtBwob.jpg", "prix": 5550.0, "contenu": "<p>Le meilleur plat au monde&nbsp;</p>", "description": "", "information": "", "status": true, "date_add": "2020-05-17T01:40:20.265Z", "date_update": "2020-05-17T01:40:21.516Z", "tag": [3, 5], "categories": [1]}}, {"model": "shop.produit", "pk": 2, "fields": {"titre": "Crudit\u00e9s", "titre_slug": "crudites-c81e728d9d4c2f636f067f89cc14862c", "cover": "Shop/Produits/crudite_IdjfFYS.jpg", "prix": 4500.0, "contenu": "<p>Beaucoup de l&eacute;gumes m&eacute;lang&eacute;s pour faire de la crudit&eacute;.</p>", "description": "", "information": "", "status": true, "date_add": "2020-05-17T01:41:47.021Z", "date_update": "2020-05-17T01:41:48.136Z", "tag": [1, 2], "categories": [1]}}, {"model": "shop.produit", "pk": 3, "fields": {"titre": "TIramisu", "titre_slug": "tiramisu-eccbc87e4b5ce2fe28308fd9f2a7baf3", "cover": "Shop/Produits/tiramisu_wWZrzsj.jpg", "prix": 2100.0, "contenu": "<p>Le tiramisu est un bon plat fait avec assez d'&eacute;l&eacute;ments.</p>", "description": "", "information": "", "status": true, "date_add": "2020-05-17T01:42:59.995Z", "date_update": "2020-05-17T01:43:01.601Z", "tag": [3, 5], "categories": [3]}}, {"model": "shop.produit", "pk": 4, "fields": {"titre": "Tratra", "titre_slug": "tratra-a87ff679a2f3e71d9181a67b7542122c", "cover": "Shop/Produits/tratra.jpg", "prix": 1000.0, "contenu": "<p>Le tratra est un plat africain assez succuletn fait par des vendeuses ambulantes.</p>", "description": "", "information": "", "status": true, "date_add": "2020-05-17T01:44:31.410Z", "date_update": "2020-05-17T01:44:32.464Z", "tag": [3], "categories": [3]}}, {"model": "shop.produit", "pk": 5, "fields": {"titre": "Steak", "titre_slug": "steak-e4da3b7fbbce2345d7772b0674a318d5", "cover": "Shop/Produits/festigrill.jpg", "prix": 2000.0, "contenu": "<p>Un bon steak hach&eacute;e bien fait pour d&eacute;graisser.</p>", "description": "", "information": "", "status": true, "date_add": "2020-05-17T01:45:36.500Z", "date_update": "2020-05-17T01:45:37.016Z", "tag": [4], "categories": [1]}}, {"model": "shop.produit", "pk": 6, "fields": {"titre": "Alloco avec du poulet brais\u00e9", "titre_slug": "alloco-avec-du-poulet-braise-1679091c5a880faf6fb5e6087eb1b2dc", "cover": "Shop/Produits/alloco_poulet_Gb7A5gI.jpg", "prix": 2500.0, "contenu": "<p>Banane alloco tr&egrave;s doux pfff</p>", "description": "<p>on vera</p>", "information": "<p>on verra bienkldfsfqse kh</p>", "status": true, "date_add": "2020-05-17T01:47:29.845Z", "date_update": "2020-05-28T09:10:02.001Z", "tag": [1], "categories": [2]}}, {"model": "siteConfig.ouverture", "pk": 1, "fields": {"head": "Bonjour chers tous", "titre": "Bienvenue sur notre site Babette", "message": "Babette est l'un des meilleurs restaurants universels  au monde. Avec un site perfectionn\u00e9 qui permettrai de ne pas se d\u00e9placer donc de se faire livrer, de choisir nos meilleurs plats, d'acc\u00e9der  \u00e0 nos articles les plus \u00e9difiants et nos \u00e9v\u00e8nements \u00e0 venir. \r\nBonne continuit\u00e9 sur n\u00f4tre site et n'oubliez pas de commander et de donner vos avis.\r\nMerciii \u2665", "cover": "ouvertures/bienvenue_iRYcCXX.png", "status": true, "date_add": "2020-05-28T21:28:21.156Z"}}, {"model": "siteConfig.mainevent", "pk": 1, "fields": {"head": "Une atmosph\u00e8re chaleureuse et charmante", "titre": "D\u00eener priv\u00e9 et \u00e9v\u00e9nements", "message": "Permettez-nous de rendre votre prochain \u00e9v\u00e9nement sp\u00e9cial tr\u00e8s sp\u00e9cial. Nous r\u00e9pondons \u00e0 toutes les fonctions de taille, id\u00e9al pour vos plus grandes fonctions ou un rassemblement intime, notre \u00e9quipe peut organiser un menu \u00e0 votre go\u00fbt", "cover": "mainevent/event.png", "status": true, "date_add": "2020-05-31T17:13:30.633Z"}}, {"model": "siteConfig.footer", "pk": 1, "fields": {"adress": "284 Grand-Bassam, Rue des manguiers ,Rosiers de GB", "jours": "Lundi-Dimanche", "email": "babette@gmail.com", "message": "Babette a \u00e9t\u00e9 con\u00e7ue avec l'histoire \u00e0 l'esprit, nous avons cr\u00e9\u00e9 une salle \u00e0 manger industrielle douce, combin\u00e9e avec une cuisine ouverte, un bar \u00e0 caf\u00e9 et une superbe torr\u00e9faction de caf\u00e9 sur place.", "tel": "78787878", "status": true, "date": "2020-05-22T18:00:00Z"}}, {"model": "siteConfig.logo", "pk": 1, "fields": {"titre": "principal", "logo_light": "siteConfig/logo-light.png", "logo_dark": "siteConfig/logo-dark_xekseG6.png", "status": true, "date_add": "2020-05-28T09:52:14.565Z", "date_upd": "2020-05-28T10:00:25.108Z"}}, {"model": "siteConfig.sponsor", "pk": 1, "fields": {"titre": "Eurocave", "logo_1": "siteConfig/eurocave.jpg", "status": true, "date_add": "2020-05-28T23:05:35.397Z", "date_upd": "2020-05-28T23:05:35.397Z"}}, {"model": "siteConfig.sponsor", "pk": 2, "fields": {"titre": "Atti\u00e9k\u00e9", "logo_1": "siteConfig/att.png", "status": true, "date_add": "2020-05-28T23:06:33.386Z", "date_upd": "2020-05-28T23:06:33.386Z"}}, {"model": "siteConfig.sponsor", "pk": 3, "fields": {"titre": "Jack Daniels", "logo_1": "siteConfig/jack.png", "status": true, "date_add": "2020-05-28T23:08:22.555Z", "date_upd": "2020-05-28T23:08:22.556Z"}}, {"model": "siteConfig.sponsor", "pk": 4, "fields": {"titre": "Patisserie Abidjanaise", "logo_1": "siteConfig/pat.jpg", "status": true, "date_add": "2020-05-28T23:10:31.464Z", "date_upd": "2020-05-28T23:10:31.467Z"}}, {"model": "siteConfig.sponsor", "pk": 5, "fields": {"titre": "Patisserie Abidjanaise", "logo_1": "siteConfig/pat_W1PbZLj.jpg", "status": true, "date_add": "2020-05-28T23:10:58.639Z", "date_upd": "2020-05-28T23:10:58.639Z"}}, {"model": "admin.logentry", "pk": 1, "fields": {"action_time": "2020-05-12T10:50:18.220Z", "user": 1, "content_type": 13, "object_id": "1", "object_repr": "Entr\u00e9s", "action_flag": 1, "change_message": "[{\"added\": {}}]"}}, {"model": "admin.logentry", "pk": 2, "fields": {"action_time": "2020-05-12T10:51:14.842Z", "user": 1, "content_type": 13, "object_id": "2", "object_repr": "Plat de resistance", "action_flag": 1, "change_message": "[{\"added\": {}}]"}}, {"model": "admin.logentry", "pk": 3, "fields": {"action_time": "2020-05-12T10:51:54.334Z", "user": 1, "content_type": 13, "object_id": "3", "object_repr": "Desserts", "action_flag": 1, "change_message": "[{\"added\": {}}]"}}, {"model": "admin.logentry", "pk": 4, "fields": {"action_time": "2020-05-12T10:52:56.762Z", "user": 1, "content_type": 13, "object_id": "4", "object_repr": "Boissons", "action_flag": 1, "change_message": "[{\"added\": {}}]"}}, {"model": "admin.logentry", "pk": 5, "fields": {"action_time": "2020-05-12T10:56:37.226Z", "user": 1, "content_type": 14, "object_id": "1", "object_repr": "Ou se trouve le restaurant ?", "action_flag": 1, "change_message": "[{\"added\": {}}]"}}, {"model": "admin.logentry", "pk": 6, "fields": {"action_time": "2020-05-12T10:57:46.351Z", "user": 1, "content_type": 14, "object_id": "2", "object_repr": "L'\u00e9tablissement  a combien d'\u00e9toiles ?", "action_flag": 1, "change_message": "[{\"added\": {}}]"}}, {"model": "admin.logentry", "pk": 7, "fields": {"action_time": "2020-05-12T10:59:17.864Z", "user": 1, "content_type": 14, "object_id": "3", "object_repr": "Le menu favori ?", "action_flag": 1, "change_message": "[{\"added\": {}}]"}}, {"model": "admin.logentry", "pk": 8, "fields": {"action_time": "2020-05-12T11:00:43.727Z", "user": 1, "content_type": 14, "object_id": "4", "object_repr": "Depuis combien d'ann\u00e9es le restaurant existent ?", "action_flag": 1, "change_message": "[{\"added\": {}}]"}}, {"model": "admin.logentry", "pk": 9, "fields": {"action_time": "2020-05-12T11:02:23.525Z", "user": 1, "content_type": 14, "object_id": "5", "object_repr": "Quel est le code du WIFI ?", "action_flag": 1, "change_message": "[{\"added\": {}}]"}}, {"model": "admin.logentry", "pk": 10, "fields": {"action_time": "2020-05-12T11:04:25.814Z", "user": 1, "content_type": 14, "object_id": "6", "object_repr": "Quelle est l\u2019origine de vos fruits et l\u00e9gumes?", "action_flag": 1, "change_message": "[{\"added\": {}}]"}}, {"model": "admin.logentry", "pk": 11, "fields": {"action_time": "2020-05-12T11:04:46.411Z", "user": 1, "content_type": 14, "object_id": "7", "object_repr": "Quelle est l\u2019origine de vos fruits et l\u00e9gumes?", "action_flag": 1, "change_message": "[{\"added\": {}}]"}}, {"model": "admin.logentry", "pk": 12, "fields": {"action_time": "2020-05-12T11:06:02.387Z", "user": 1, "content_type": 14, "object_id": "8", "object_repr": "est ce qu'il y a un suppl\u00e9ment ?", "action_flag": 1, "change_message": "[{\"added\": {}}]"}}, {"model": "admin.logentry", "pk": 13, "fields": {"action_time": "2020-05-12T11:10:01.453Z", "user": 1, "content_type": 14, "object_id": "9", "object_repr": "Pouvez vous modifier un plat selon mes allergies ?", "action_flag": 1, "change_message": "[{\"added\": {}}]"}}, {"model": "admin.logentry", "pk": 14, "fields": {"action_time": "2020-05-12T11:12:14.476Z", "user": 1, "content_type": 14, "object_id": "10", "object_repr": "Les dur\u00e9es d'arriv\u00e9es des diff\u00e9rents plats ?", "action_flag": 1, "change_message": "[{\"added\": {}}]"}}, {"model": "admin.logentry", "pk": 15, "fields": {"action_time": "2020-05-12T11:13:30.823Z", "user": 1, "content_type": 14, "object_id": "11", "object_repr": "Pouvez vous me faire un emporter avec le reste de mon plat ?", "action_flag": 1, "change_message": "[{\"added\": {}}]"}}, {"model": "admin.logentry", "pk": 16, "fields": {"action_time": "2020-05-12T11:14:58.628Z", "user": 1, "content_type": 14, "object_id": "12", "object_repr": "Est ce que les menus sont dans tous les restaurants babette ?", "action_flag": 1, "change_message": "[{\"added\": {}}]"}}, {"model": "admin.logentry", "pk": 17, "fields": {"action_time": "2020-05-12T11:17:38.603Z", "user": 1, "content_type": 14, "object_id": "13", "object_repr": "Comment avoir des cartes cadeaux ?", "action_flag": 1, "change_message": "[{\"added\": {}}]"}}, {"model": "admin.logentry", "pk": 18, "fields": {"action_time": "2020-05-12T11:19:06.259Z", "user": 1, "content_type": 14, "object_id": "14", "object_repr": "comment savoir si la carte cadeau est valide ?", "action_flag": 1, "change_message": "[{\"added\": {}}]"}}, {"model": "admin.logentry", "pk": 19, "fields": {"action_time": "2020-05-12T11:20:31.426Z", "user": 1, "content_type": 14, "object_id": "15", "object_repr": "Qui a fond\u00e9 Babette ?", "action_flag": 1, "change_message": "[{\"added\": {}}]"}}, {"model": "admin.logentry", "pk": 20, "fields": {"action_time": "2020-05-12T11:23:42.901Z", "user": 1, "content_type": 14, "object_id": "16", "object_repr": "Combien y a t'il de restaurant Babette en C\u00f4te d'Ivoire ?", "action_flag": 1, "change_message": "[{\"added\": {}}]"}}, {"model": "admin.logentry", "pk": 21, "fields": {"action_time": "2020-05-12T11:28:32.997Z", "user": 1, "content_type": 16, "object_id": "1", "object_repr": "Banane grill\u00e9es, poissons fris, sauce tomate", "action_flag": 1, "change_message": "[{\"added\": {}}]"}}, {"model": "admin.logentry", "pk": 22, "fields": {"action_time": "2020-05-12T11:29:26.577Z", "user": 1, "content_type": 16, "object_id": "2", "object_repr": "Banane grill\u00e9es, poulet brais\u00e9, sauce tomate", "action_flag": 1, "change_message": "[{\"added\": {}}]"}}, {"model": "admin.logentry", "pk": 23, "fields": {"action_time": "2020-05-12T11:31:31.904Z", "user": 1, "content_type": 16, "object_id": "3", "object_repr": "Banane grill\u00e9es,poulet piqu\u00e9, sauce tomate", "action_flag": 1, "change_message": "[{\"added\": {}}]"}}, {"model": "admin.logentry", "pk": 24, "fields": {"action_time": "2020-05-12T11:32:20.683Z", "user": 1, "content_type": 16, "object_id": "4", "object_repr": "Atti\u00e9k\u00e9,poisson thon grill\u00e9,piment,tomate", "action_flag": 1, "change_message": "[{\"added\": {}}]"}}, {"model": "admin.logentry", "pk": 25, "fields": {"action_time": "2020-05-12T11:33:26.607Z", "user": 1, "content_type": 16, "object_id": "5", "object_repr": "Atti\u00e9k\u00e9,poulet brais\u00e9,piment,oignons tomates", "action_flag": 1, "change_message": "[{\"added\": {}}]"}}, {"model": "admin.logentry", "pk": 26, "fields": {"action_time": "2020-05-12T11:34:25.213Z", "user": 1, "content_type": 16, "object_id": "6", "object_repr": "Banane pil\u00e9e, sauce graine,viande de brousse,coquelettes,escargots", "action_flag": 1, "change_message": "[{\"added\": {}}]"}}, {"model": "admin.logentry", "pk": 27, "fields": {"action_time": "2020-05-12T11:35:42.960Z", "user": 1, "content_type": 16, "object_id": "7", "object_repr": "Bananes \u00e9cras\u00e9es,sauce foufou,coquelettes,poissons", "action_flag": 1, "change_message": "[{\"added\": {}}]"}}, {"model": "admin.logentry", "pk": 28, "fields": {"action_time": "2020-05-12T11:36:54.332Z", "user": 1, "content_type": 16, "object_id": "8", "object_repr": "pattes,sauce tomage,viandes hach\u00e9es", "action_flag": 1, "change_message": "[{\"added\": {}}]"}}, {"model": "admin.logentry", "pk": 29, "fields": {"action_time": "2020-05-12T11:38:49.391Z", "user": 1, "content_type": 16, "object_id": "9", "object_repr": "avocats,olives,tomates", "action_flag": 1, "change_message": "[{\"added\": {}}]"}}, {"model": "admin.logentry", "pk": 30, "fields": {"action_time": "2020-05-12T11:41:11.787Z", "user": 1, "content_type": 16, "object_id": "10", "object_repr": "oeufs en tranches ,tomates,ails,oignons,carottes rap\u00e9es, oignons verts,sardines de thons", "action_flag": 1, "change_message": "[{\"added\": {}}]"}}, {"model": "admin.logentry", "pk": 31, "fields": {"action_time": "2020-05-12T11:42:09.770Z", "user": 1, "content_type": 16, "object_id": "11", "object_repr": "Salade, tomates,Fromage", "action_flag": 1, "change_message": "[{\"added\": {}}]"}}, {"model": "admin.logentry", "pk": 32, "fields": {"action_time": "2020-05-12T11:43:10.928Z", "user": 1, "content_type": 16, "object_id": "12", "object_repr": "Salade, jambon,tomates,oeufs tranch\u00e9s", "action_flag": 1, "change_message": "[{\"added\": {}}]"}}, {"model": "admin.logentry", "pk": 33, "fields": {"action_time": "2020-05-12T11:44:13.767Z", "user": 1, "content_type": 16, "object_id": "13", "object_repr": "manioc pil\u00e9e,sauce gombo, viande de brousse,poissons", "action_flag": 1, "change_message": "[{\"added\": {}}]"}}, {"model": "admin.logentry", "pk": 34, "fields": {"action_time": "2020-05-12T11:45:22.011Z", "user": 1, "content_type": 16, "object_id": "14", "object_repr": "pain de burger,salade,tomates,steak hach\u00e9e", "action_flag": 1, "change_message": "[{\"added\": {}}]"}}, {"model": "admin.logentry", "pk": 35, "fields": {"action_time": "2020-05-12T11:46:10.864Z", "user": 1, "content_type": 16, "object_id": "15", "object_repr": "pain de burger,fromage,tomates,steak hach\u00e9e ,ketchup", "action_flag": 1, "change_message": "[{\"added\": {}}]"}}, {"model": "admin.logentry", "pk": 36, "fields": {"action_time": "2020-05-12T11:47:06.421Z", "user": 1, "content_type": 16, "object_id": "16", "object_repr": "pommes de terre coup\u00e9s en tranche,poissons brais\u00e9,sauce tomate,oignons,tomates", "action_flag": 1, "change_message": "[{\"added\": {}}]"}}, {"model": "admin.logentry", "pk": 37, "fields": {"action_time": "2020-05-12T11:48:27.772Z", "user": 1, "content_type": 16, "object_id": "17", "object_repr": "oeufs,farine,chocolats noir blanc et au lait", "action_flag": 1, "change_message": "[{\"added\": {}}]"}}, {"model": "admin.logentry", "pk": 38, "fields": {"action_time": "2020-05-12T11:51:51.446Z", "user": 1, "content_type": 16, "object_id": "18", "object_repr": "oeufs,farine, lait,sucre,chocolat", "action_flag": 1, "change_message": "[{\"added\": {}}]"}}, {"model": "admin.logentry", "pk": 39, "fields": {"action_time": "2020-05-12T11:54:40.633Z", "user": 1, "content_type": 16, "object_id": "19", "object_repr": "oeufs,sucre ,cr\u00e8me fraiche,1 gousse de vanille", "action_flag": 1, "change_message": "[{\"added\": {}}]"}}, {"model": "admin.logentry", "pk": 40, "fields": {"action_time": "2020-05-12T11:56:00.737Z", "user": 1, "content_type": 16, "object_id": "20", "object_repr": "oeufs,sucre ,cr\u00e8me fraiche,1 gousse de chocolat,", "action_flag": 1, "change_message": "[{\"added\": {}}]"}}, {"model": "admin.logentry", "pk": 41, "fields": {"action_time": "2020-05-12T12:00:45.115Z", "user": 1, "content_type": 16, "object_id": "21", "object_repr": "Mascapone,sucre,poudre de cacao,oeufs", "action_flag": 1, "change_message": "[{\"added\": {}}]"}}, {"model": "admin.logentry", "pk": 42, "fields": {"action_time": "2020-05-12T12:22:39.733Z", "user": 1, "content_type": 15, "object_id": "1", "object_repr": "Le garba", "action_flag": 1, "change_message": "[{\"added\": {}}]"}}, {"model": "admin.logentry", "pk": 43, "fields": {"action_time": "2020-05-12T12:24:19.376Z", "user": 1, "content_type": 15, "object_id": "2", "object_repr": "Alloco avec du poulet brais\u00e9", "action_flag": 1, "change_message": "[{\"added\": {}}]"}}, {"model": "admin.logentry", "pk": 44, "fields": {"action_time": "2020-05-12T12:25:51.796Z", "user": 1, "content_type": 15, "object_id": "3", "object_repr": "Foutou avec sauce graine", "action_flag": 1, "change_message": "[{\"added\": {}}]"}}, {"model": "admin.logentry", "pk": 45, "fields": {"action_time": "2020-05-12T12:28:25.061Z", "user": 1, "content_type": 15, "object_id": "4", "object_repr": "Alloco poulet piqu\u00e9", "action_flag": 1, "change_message": "[{\"added\": {}}]"}}, {"model": "admin.logentry", "pk": 46, "fields": {"action_time": "2020-05-12T12:30:25.913Z", "user": 1, "content_type": 15, "object_id": "5", "object_repr": "Atti\u00e9k\u00e9 avec du poulet brais\u00e9", "action_flag": 1, "change_message": "[{\"added\": {}}]"}}, {"model": "admin.logentry", "pk": 47, "fields": {"action_time": "2020-05-12T12:33:14.759Z", "user": 1, "content_type": 15, "object_id": "6", "object_repr": "Foufou avec sauce foufou", "action_flag": 1, "change_message": "[{\"added\": {}}]"}}, {"model": "admin.logentry", "pk": 48, "fields": {"action_time": "2020-05-12T12:35:13.291Z", "user": 1, "content_type": 15, "object_id": "7", "object_repr": "Spaghetti bolognese", "action_flag": 1, "change_message": "[{\"added\": {}}]"}}, {"model": "admin.logentry", "pk": 49, "fields": {"action_time": "2020-05-12T12:37:44.608Z", "user": 1, "content_type": 15, "object_id": "8", "object_repr": "Plat d'avocats olives", "action_flag": 1, "change_message": "[{\"added\": {}}]"}}, {"model": "admin.logentry", "pk": 50, "fields": {"action_time": "2020-05-12T12:40:40.921Z", "user": 1, "content_type": 15, "object_id": "9", "object_repr": "Crudit\u00e9s compl\u00e8te", "action_flag": 1, "change_message": "[{\"added\": {}}]"}}, {"model": "admin.logentry", "pk": 51, "fields": {"action_time": "2020-05-12T12:43:51.381Z", "user": 1, "content_type": 15, "object_id": "10", "object_repr": "Placali sauce gombo", "action_flag": 1, "change_message": "[{\"added\": {}}]"}}, {"model": "admin.logentry", "pk": 52, "fields": {"action_time": "2020-05-12T12:45:53.581Z", "user": 1, "content_type": 15, "object_id": "11", "object_repr": "Hamburger", "action_flag": 1, "change_message": "[{\"added\": {}}]"}}, {"model": "admin.logentry", "pk": 53, "fields": {"action_time": "2020-05-12T12:48:13.141Z", "user": 1, "content_type": 15, "object_id": "12", "object_repr": "Cheesburger frites", "action_flag": 1, "change_message": "[{\"added\": {}}]"}}, {"model": "admin.logentry", "pk": 54, "fields": {"action_time": "2020-05-12T12:50:13.882Z", "user": 1, "content_type": 15, "object_id": "13", "object_repr": "Mousse aux chocolats", "action_flag": 1, "change_message": "[{\"added\": {}}]"}}, {"model": "admin.logentry", "pk": 55, "fields": {"action_time": "2020-05-12T12:52:28.083Z", "user": 1, "content_type": 15, "object_id": "14", "object_repr": "TIramisu", "action_flag": 1, "change_message": "[{\"added\": {}}]"}}, {"model": "admin.logentry", "pk": 56, "fields": {"action_time": "2020-05-12T12:54:35.562Z", "user": 1, "content_type": 15, "object_id": "15", "object_repr": "Glace aux chocolats,malaga", "action_flag": 1, "change_message": "[{\"added\": {}}]"}}, {"model": "admin.logentry", "pk": 57, "fields": {"action_time": "2020-05-12T12:56:31.773Z", "user": 1, "content_type": 15, "object_id": "16", "object_repr": "Gateau milles feuilles", "action_flag": 1, "change_message": "[{\"added\": {}}]"}}, {"model": "admin.logentry", "pk": 58, "fields": {"action_time": "2020-05-12T12:59:34.152Z", "user": 1, "content_type": 13, "object_id": "4", "object_repr": "Boissons", "action_flag": 3, "change_message": ""}}, {"model": "admin.logentry", "pk": 59, "fields": {"action_time": "2020-05-12T22:01:55.914Z", "user": 1, "content_type": 19, "object_id": "1", "object_repr": "Entr\u00e9s", "action_flag": 1, "change_message": "[{\"added\": {}}]"}}, {"model": "admin.logentry", "pk": 60, "fields": {"action_time": "2020-05-12T22:02:49.424Z", "user": 1, "content_type": 19, "object_id": "2", "object_repr": "Plat de resistance", "action_flag": 1, "change_message": "[{\"added\": {}}]"}}, {"model": "admin.logentry", "pk": 61, "fields": {"action_time": "2020-05-12T22:03:19.432Z", "user": 1, "content_type": 19, "object_id": "3", "object_repr": "Desserts", "action_flag": 1, "change_message": "[{\"added\": {}}]"}}, {"model": "admin.logentry", "pk": 62, "fields": {"action_time": "2020-05-12T22:05:08.257Z", "user": 1, "content_type": 18, "object_id": "1", "object_repr": "Banane ,Tomate", "action_flag": 1, "change_message": "[{\"added\": {}}]"}}, {"model": "admin.logentry", "pk": 63, "fields": {"action_time": "2020-05-12T22:06:07.706Z", "user": 1, "content_type": 18, "object_id": "2", "object_repr": "pommes de terre ,tomates", "action_flag": 1, "change_message": "[{\"added\": {}}]"}}, {"model": "admin.logentry", "pk": 64, "fields": {"action_time": "2020-05-12T22:06:38.545Z", "user": 1, "content_type": 18, "object_id": "3", "object_repr": "oeufs,farine", "action_flag": 1, "change_message": "[{\"added\": {}}]"}}, {"model": "admin.logentry", "pk": 65, "fields": {"action_time": "2020-05-12T22:07:26.670Z", "user": 1, "content_type": 18, "object_id": "4", "object_repr": "Steak", "action_flag": 1, "change_message": "[{\"added\": {}}]"}}, {"model": "admin.logentry", "pk": 66, "fields": {"action_time": "2020-05-12T22:07:55.882Z", "user": 1, "content_type": 18, "object_id": "5", "object_repr": "Mascapone", "action_flag": 1, "change_message": "[{\"added\": {}}]"}}, {"model": "admin.logentry", "pk": 67, "fields": {"action_time": "2020-05-15T23:46:59.688Z", "user": 1, "content_type": 10, "object_id": "1", "object_repr": "Entr\u00e9s vegan", "action_flag": 1, "change_message": "[{\"added\": {}}]"}}, {"model": "admin.logentry", "pk": 68, "fields": {"action_time": "2020-05-15T23:47:14.268Z", "user": 1, "content_type": 10, "object_id": "2", "object_repr": "Repas mulsumans", "action_flag": 1, "change_message": "[{\"added\": {}}]"}}, {"model": "admin.logentry", "pk": 69, "fields": {"action_time": "2020-05-15T23:48:12.167Z", "user": 1, "content_type": 10, "object_id": "3", "object_repr": "D\u00e9sserts non diab\u00e9tique", "action_flag": 1, "change_message": "[{\"added\": {}}]"}}, {"model": "admin.logentry", "pk": 70, "fields": {"action_time": "2020-05-15T23:48:58.745Z", "user": 1, "content_type": 10, "object_id": "4", "object_repr": "Le r\u00f4le des \u00e9pices dans le repas", "action_flag": 1, "change_message": "[{\"added\": {}}]"}}, {"model": "admin.logentry", "pk": 71, "fields": {"action_time": "2020-05-15T23:49:33.367Z", "user": 1, "content_type": 10, "object_id": "5", "object_repr": "Plats multi saveurs", "action_flag": 1, "change_message": "[{\"added\": {}}]"}}, {"model": "admin.logentry", "pk": 72, "fields": {"action_time": "2020-05-15T23:50:42.121Z", "user": 1, "content_type": 10, "object_id": "6", "object_repr": "Plats v\u00e9gans", "action_flag": 1, "change_message": "[{\"added\": {}}]"}}, {"model": "admin.logentry", "pk": 73, "fields": {"action_time": "2020-05-15T23:51:06.426Z", "user": 1, "content_type": 11, "object_id": "1", "object_repr": "Sans porc", "action_flag": 1, "change_message": "[{\"added\": {}}]"}}, {"model": "admin.logentry", "pk": 74, "fields": {"action_time": "2020-05-15T23:53:08.422Z", "user": 1, "content_type": 10, "object_id": "1", "object_repr": "Entr\u00e9s vegan", "action_flag": 3, "change_message": ""}}, {"model": "admin.logentry", "pk": 75, "fields": {"action_time": "2020-05-15T23:53:26.842Z", "user": 1, "content_type": 11, "object_id": "2", "object_repr": "piments", "action_flag": 1, "change_message": "[{\"added\": {}}]"}}, {"model": "admin.logentry", "pk": 76, "fields": {"action_time": "2020-05-15T23:54:50.586Z", "user": 1, "content_type": 10, "object_id": "7", "object_repr": "Viandes exotiques", "action_flag": 1, "change_message": "[{\"added\": {}}]"}}, {"model": "admin.logentry", "pk": 77, "fields": {"action_time": "2020-05-15T23:55:12.298Z", "user": 1, "content_type": 11, "object_id": "3", "object_repr": "curcuma", "action_flag": 1, "change_message": "[{\"added\": {}}]"}}, {"model": "admin.logentry", "pk": 78, "fields": {"action_time": "2020-05-15T23:55:48.890Z", "user": 1, "content_type": 11, "object_id": "4", "object_repr": "thym", "action_flag": 1, "change_message": "[{\"added\": {}}]"}}, {"model": "admin.logentry", "pk": 79, "fields": {"action_time": "2020-05-15T23:56:00.018Z", "user": 1, "content_type": 11, "object_id": "5", "object_repr": "gimgembres", "action_flag": 1, "change_message": "[{\"added\": {}}]"}}, {"model": "admin.logentry", "pk": 80, "fields": {"action_time": "2020-05-15T23:56:47.746Z", "user": 1, "content_type": 10, "object_id": "8", "object_repr": "romarin", "action_flag": 1, "change_message": "[{\"added\": {}}]"}}, {"model": "admin.logentry", "pk": 81, "fields": {"action_time": "2020-05-15T23:59:03.617Z", "user": 1, "content_type": 11, "object_id": "6", "object_repr": "sans viandes", "action_flag": 1, "change_message": "[{\"added\": {}}]"}}, {"model": "admin.logentry", "pk": 82, "fields": {"action_time": "2020-05-15T23:59:54.796Z", "user": 1, "content_type": 11, "object_id": "7", "object_repr": "cannelle", "action_flag": 1, "change_message": "[{\"added\": {}}]"}}, {"model": "admin.logentry", "pk": 83, "fields": {"action_time": "2020-05-16T00:01:35.230Z", "user": 1, "content_type": 10, "object_id": "8", "object_repr": "romarin", "action_flag": 3, "change_message": ""}}, {"model": "admin.logentry", "pk": 84, "fields": {"action_time": "2020-05-16T00:04:13.531Z", "user": 1, "content_type": 10, "object_id": "9", "object_repr": "Desserts diab\u00e9tique", "action_flag": 1, "change_message": "[{\"added\": {}}]"}}, {"model": "admin.logentry", "pk": 85, "fields": {"action_time": "2020-05-16T00:04:25.371Z", "user": 1, "content_type": 11, "object_id": "8", "object_repr": "sucre diab\u00e9tique", "action_flag": 1, "change_message": "[{\"added\": {}}]"}}, {"model": "admin.logentry", "pk": 86, "fields": {"action_time": "2020-05-16T00:06:28.291Z", "user": 1, "content_type": 10, "object_id": "3", "object_repr": "D\u00e9sserts non diab\u00e9tique", "action_flag": 3, "change_message": ""}}, {"model": "admin.logentry", "pk": 87, "fields": {"action_time": "2020-05-16T00:06:47.676Z", "user": 1, "content_type": 11, "object_id": "9", "object_repr": "serpents brais\u00e9s", "action_flag": 1, "change_message": "[{\"added\": {}}]"}}, {"model": "admin.logentry", "pk": 88, "fields": {"action_time": "2020-05-16T00:07:37.147Z", "user": 1, "content_type": 11, "object_id": "10", "object_repr": "caimans fum\u00e9s", "action_flag": 1, "change_message": "[{\"added\": {}}]"}}, {"model": "admin.logentry", "pk": 89, "fields": {"action_time": "2020-05-16T00:09:23.732Z", "user": 1, "content_type": 11, "object_id": "11", "object_repr": "c\u00e9r\u00e9ales", "action_flag": 1, "change_message": "[{\"added\": {}}]"}}, {"model": "admin.logentry", "pk": 90, "fields": {"action_time": "2020-05-16T00:09:36.909Z", "user": 1, "content_type": 11, "object_id": "12", "object_repr": "souris brais\u00e9s", "action_flag": 1, "change_message": "[{\"added\": {}}]"}}, {"model": "admin.logentry", "pk": 91, "fields": {"action_time": "2020-05-16T00:12:00.135Z", "user": 1, "content_type": 11, "object_id": "13", "object_repr": "z\u00e8bres fum\u00e9s", "action_flag": 1, "change_message": "[{\"added\": {}}]"}}, {"model": "admin.logentry", "pk": 92, "fields": {"action_time": "2020-05-16T00:13:36.617Z", "user": 1, "content_type": 11, "object_id": "14", "object_repr": "clou de girofle", "action_flag": 1, "change_message": "[{\"added\": {}}]"}}, {"model": "admin.logentry", "pk": 93, "fields": {"action_time": "2020-05-16T00:20:30.909Z", "user": 1, "content_type": 9, "object_id": "1", "object_repr": "Les 8 meilleurs \u00e9pices bonnes pour la sant\u00e9", "action_flag": 1, "change_message": "[{\"added\": {}}]"}}, {"model": "admin.logentry", "pk": 94, "fields": {"action_time": "2020-05-16T00:22:54.571Z", "user": 1, "content_type": 11, "object_id": "15", "object_repr": "cumin", "action_flag": 1, "change_message": "[{\"added\": {}}]"}}, {"model": "admin.logentry", "pk": 95, "fields": {"action_time": "2020-05-16T00:27:27.044Z", "user": 1, "content_type": 9, "object_id": "2", "object_repr": "curcuma vs cumin les diff\u00e9rences", "action_flag": 1, "change_message": "[{\"added\": {}}]"}}, {"model": "admin.logentry", "pk": 96, "fields": {"action_time": "2020-05-16T00:29:56.805Z", "user": 1, "content_type": 11, "object_id": "16", "object_repr": "farine", "action_flag": 1, "change_message": "[{\"added\": {}}]"}}, {"model": "admin.logentry", "pk": 97, "fields": {"action_time": "2020-05-16T00:34:11.572Z", "user": 1, "content_type": 11, "object_id": "17", "object_repr": "oeufs", "action_flag": 1, "change_message": "[{\"added\": {}}]"}}, {"model": "admin.logentry", "pk": 98, "fields": {"action_time": "2020-05-16T00:35:14.467Z", "user": 1, "content_type": 11, "object_id": "18", "object_repr": "fruits", "action_flag": 1, "change_message": "[{\"added\": {}}]"}}, {"model": "admin.logentry", "pk": 99, "fields": {"action_time": "2020-05-16T00:50:37.090Z", "user": 1, "content_type": 9, "object_id": "3", "object_repr": "Recette de cr\u00e8mes brul\u00e9es sans sucre", "action_flag": 1, "change_message": "[{\"added\": {}}]"}}, {"model": "admin.logentry", "pk": 100, "fields": {"action_time": "2020-05-16T00:53:08.666Z", "user": 1, "content_type": 9, "object_id": "4", "object_repr": "Petits conseils pour d\u00e9sserts diab\u00e9tiques", "action_flag": 1, "change_message": "[{\"added\": {}}]"}}, {"model": "admin.logentry", "pk": 101, "fields": {"action_time": "2020-05-16T00:55:17.111Z", "user": 1, "content_type": 11, "object_id": "19", "object_repr": "potiron", "action_flag": 1, "change_message": "[{\"added\": {}}]"}}, {"model": "admin.logentry", "pk": 102, "fields": {"action_time": "2020-05-16T00:57:16.409Z", "user": 1, "content_type": 11, "object_id": "20", "object_repr": "Salade", "action_flag": 1, "change_message": "[{\"added\": {}}]"}}, {"model": "admin.logentry", "pk": 103, "fields": {"action_time": "2020-05-16T00:57:39.015Z", "user": 1, "content_type": 11, "object_id": "21", "object_repr": "l\u00e9gumes grill\u00e9es", "action_flag": 1, "change_message": "[{\"added\": {}}]"}}, {"model": "admin.logentry", "pk": 104, "fields": {"action_time": "2020-05-16T00:57:51.999Z", "user": 1, "content_type": 11, "object_id": "22", "object_repr": "sel", "action_flag": 1, "change_message": "[{\"added\": {}}]"}}, {"model": "admin.logentry", "pk": 105, "fields": {"action_time": "2020-05-16T00:58:46.761Z", "user": 1, "content_type": 11, "object_id": "23", "object_repr": "boeufs grill\u00e9es", "action_flag": 1, "change_message": "[{\"added\": {}}]"}}, {"model": "admin.logentry", "pk": 106, "fields": {"action_time": "2020-05-16T01:04:07.681Z", "user": 1, "content_type": 9, "object_id": "5", "object_repr": "Recettes de boeufs exotiques \u00e0 la mangue", "action_flag": 1, "change_message": "[{\"added\": {}}]"}}, {"model": "admin.logentry", "pk": 107, "fields": {"action_time": "2020-05-16T01:11:01.549Z", "user": 1, "content_type": 9, "object_id": "6", "object_repr": "Tartes au potiron multisaveurs", "action_flag": 1, "change_message": "[{\"added\": {}}]"}}, {"model": "admin.logentry", "pk": 108, "fields": {"action_time": "2020-05-16T09:39:09.326Z", "user": 1, "content_type": 23, "object_id": "1", "object_repr": "2020-05-22 18:00:00+00:00", "action_flag": 1, "change_message": "[{\"added\": {}}]"}}, {"model": "admin.logentry", "pk": 109, "fields": {"action_time": "2020-05-16T09:41:07.722Z", "user": 1, "content_type": 23, "object_id": "2", "object_repr": "2020-05-16 09:39:25+00:00", "action_flag": 1, "change_message": "[{\"added\": {}}]"}}, {"model": "admin.logentry", "pk": 110, "fields": {"action_time": "2020-05-16T09:43:04.520Z", "user": 1, "content_type": 23, "object_id": "2", "object_repr": "2020-05-16 09:39:25+00:00", "action_flag": 3, "change_message": ""}}, {"model": "admin.logentry", "pk": 111, "fields": {"action_time": "2020-05-16T09:54:08.864Z", "user": 1, "content_type": 10, "object_id": "2", "object_repr": "Repas mulsumans", "action_flag": 3, "change_message": ""}}, {"model": "admin.logentry", "pk": 112, "fields": {"action_time": "2020-05-16T09:54:10.930Z", "user": 1, "content_type": 10, "object_id": "2", "object_repr": "Repas mulsumans", "action_flag": 3, "change_message": ""}}, {"model": "admin.logentry", "pk": 113, "fields": {"action_time": "2020-05-17T01:40:27.205Z", "user": 1, "content_type": 17, "object_id": "1", "object_repr": "Salade cervelas", "action_flag": 1, "change_message": "[{\"added\": {}}]"}}, {"model": "admin.logentry", "pk": 114, "fields": {"action_time": "2020-05-17T01:41:54.787Z", "user": 1, "content_type": 17, "object_id": "2", "object_repr": "Crudit\u00e9s", "action_flag": 1, "change_message": "[{\"added\": {}}]"}}, {"model": "admin.logentry", "pk": 115, "fields": {"action_time": "2020-05-17T01:43:07.288Z", "user": 1, "content_type": 17, "object_id": "3", "object_repr": "TIramisu", "action_flag": 1, "change_message": "[{\"added\": {}}]"}}, {"model": "admin.logentry", "pk": 116, "fields": {"action_time": "2020-05-17T01:44:37.667Z", "user": 1, "content_type": 17, "object_id": "4", "object_repr": "Tratra", "action_flag": 1, "change_message": "[{\"added\": {}}]"}}, {"model": "admin.logentry", "pk": 117, "fields": {"action_time": "2020-05-17T01:45:41.105Z", "user": 1, "content_type": 17, "object_id": "5", "object_repr": "Steak", "action_flag": 1, "change_message": "[{\"added\": {}}]"}}, {"model": "admin.logentry", "pk": 118, "fields": {"action_time": "2020-05-17T01:47:34.969Z", "user": 1, "content_type": 17, "object_id": "6", "object_repr": "Alloco avec du poulet brais\u00e9", "action_flag": 1, "change_message": "[{\"added\": {}}]"}}, {"model": "admin.logentry", "pk": 119, "fields": {"action_time": "2020-05-27T16:58:49.637Z", "user": 1, "content_type": 12, "object_id": "6", "object_repr": "Gnogan  -  2020-05-27 13:31:26.009808+00:00", "action_flag": 3, "change_message": ""}}, {"model": "admin.logentry", "pk": 120, "fields": {"action_time": "2020-05-27T16:58:54.212Z", "user": 1, "content_type": 12, "object_id": "5", "object_repr": "Gnogan  -  2020-05-27 13:04:48.373204+00:00", "action_flag": 3, "change_message": ""}}, {"model": "admin.logentry", "pk": 121, "fields": {"action_time": "2020-05-27T16:58:57.630Z", "user": 1, "content_type": 12, "object_id": "4", "object_repr": "Gnogan  -  2020-05-27 12:36:36.392703+00:00", "action_flag": 3, "change_message": ""}}, {"model": "admin.logentry", "pk": 122, "fields": {"action_time": "2020-05-27T16:58:59.581Z", "user": 1, "content_type": 12, "object_id": "3", "object_repr": "Gnogan  -  2020-05-27 12:29:34.085032+00:00", "action_flag": 3, "change_message": ""}}, {"model": "admin.logentry", "pk": 123, "fields": {"action_time": "2020-05-27T16:59:02.541Z", "user": 1, "content_type": 12, "object_id": "2", "object_repr": "Gnogan  -  2020-05-27 12:13:42.679819+00:00", "action_flag": 3, "change_message": ""}}, {"model": "admin.logentry", "pk": 124, "fields": {"action_time": "2020-05-27T16:59:05.668Z", "user": 1, "content_type": 12, "object_id": "1", "object_repr": "Gnogan  -  2020-05-27 11:46:09.464475+00:00", "action_flag": 3, "change_message": ""}}, {"model": "admin.logentry", "pk": 125, "fields": {"action_time": "2020-05-27T18:12:01.932Z", "user": 1, "content_type": 12, "object_id": "8", "object_repr": "soro  -  2020-05-27 17:04:46.030855+00:00", "action_flag": 3, "change_message": ""}}, {"model": "admin.logentry", "pk": 126, "fields": {"action_time": "2020-05-27T18:12:02.748Z", "user": 1, "content_type": 12, "object_id": "7", "object_repr": "amichia  -  2020-05-27 13:39:25.279550+00:00", "action_flag": 3, "change_message": ""}}, {"model": "admin.logentry", "pk": 127, "fields": {"action_time": "2020-05-27T18:16:22.431Z", "user": 1, "content_type": 12, "object_id": "9", "object_repr": "Josu\u00e9  -  2020-05-27 17:34:44.225294+00:00", "action_flag": 3, "change_message": ""}}, {"model": "admin.logentry", "pk": 128, "fields": {"action_time": "2020-05-28T08:34:19.271Z", "user": 1, "content_type": 12, "object_id": "4", "object_repr": "Yao  -  2020-05-28 08:34:19.267336+00:00", "action_flag": 1, "change_message": "[{\"added\": {}}]"}}, {"model": "admin.logentry", "pk": 129, "fields": {"action_time": "2020-05-28T09:10:02.123Z", "user": 1, "content_type": 17, "object_id": "6", "object_repr": "Alloco avec du poulet brais\u00e9", "action_flag": 2, "change_message": "[{\"changed\": {\"fields\": [\"Content/description\", \"Content/information\"]}}]"}}, {"model": "admin.logentry", "pk": 130, "fields": {"action_time": "2020-05-28T09:52:14.606Z", "user": 1, "content_type": 25, "object_id": "1", "object_repr": "principal", "action_flag": 1, "change_message": "[{\"added\": {}}]"}}, {"model": "admin.logentry", "pk": 131, "fields": {"action_time": "2020-05-28T10:00:25.146Z", "user": 1, "content_type": 25, "object_id": "1", "object_repr": "principal", "action_flag": 2, "change_message": "[{\"changed\": {\"fields\": [\"Logo light\"]}}]"}}, {"model": "admin.logentry", "pk": 132, "fields": {"action_time": "2020-05-28T21:28:23.573Z", "user": 1, "content_type": 22, "object_id": "1", "object_repr": "Bienvenue sur notre site Babette", "action_flag": 1, "change_message": "[{\"added\": {}}]"}}, {"model": "admin.logentry", "pk": 133, "fields": {"action_time": "2020-05-28T23:05:38.562Z", "user": 1, "content_type": 26, "object_id": "1", "object_repr": "Eurocave", "action_flag": 1, "change_message": "[{\"added\": {}}]"}}, {"model": "admin.logentry", "pk": 134, "fields": {"action_time": "2020-05-28T23:06:48.646Z", "user": 1, "content_type": 26, "object_id": "2", "object_repr": "Atti\u00e9k\u00e9", "action_flag": 1, "change_message": "[{\"added\": {}}]"}}, {"model": "admin.logentry", "pk": 135, "fields": {"action_time": "2020-05-28T23:08:29.383Z", "user": 1, "content_type": 26, "object_id": "3", "object_repr": "Jack Daniels", "action_flag": 1, "change_message": "[{\"added\": {}}]"}}, {"model": "admin.logentry", "pk": 136, "fields": {"action_time": "2020-05-28T23:10:38.442Z", "user": 1, "content_type": 26, "object_id": "4", "object_repr": "Patisserie Abidjanaise", "action_flag": 1, "change_message": "[{\"added\": {}}]"}}, {"model": "admin.logentry", "pk": 137, "fields": {"action_time": "2020-05-28T23:11:03.708Z", "user": 1, "content_type": 26, "object_id": "5", "object_repr": "Patisserie Abidjanaise", "action_flag": 1, "change_message": "[{\"added\": {}}]"}}, {"model": "admin.logentry", "pk": 138, "fields": {"action_time": "2020-05-29T00:17:16.664Z", "user": 1, "content_type": 27, "object_id": "1", "object_repr": "Notre livre d'or", "action_flag": 1, "change_message": "[{\"added\": {}}]"}}, {"model": "admin.logentry", "pk": 139, "fields": {"action_time": "2020-05-29T01:03:29.863Z", "user": 1, "content_type": 28, "object_id": "1", "object_repr": "Le livre d'or", "action_flag": 1, "change_message": "[{\"added\": {}}]"}}, {"model": "admin.logentry", "pk": 140, "fields": {"action_time": "2020-05-29T01:09:29.085Z", "user": 1, "content_type": 27, "object_id": "1", "object_repr": "Paul Gnogan", "action_flag": 3, "change_message": ""}}, {"model": "admin.logentry", "pk": 141, "fields": {"action_time": "2020-05-29T01:18:25.231Z", "user": 1, "content_type": 27, "object_id": "2", "object_repr": "Paul Gnogan", "action_flag": 1, "change_message": "[{\"added\": {}}]"}}, {"model": "admin.logentry", "pk": 142, "fields": {"action_time": "2020-05-29T01:20:56.306Z", "user": 1, "content_type": 27, "object_id": "3", "object_repr": "Yao Josu\u00e9", "action_flag": 1, "change_message": "[{\"added\": {}}]"}}, {"model": "admin.logentry", "pk": 143, "fields": {"action_time": "2020-05-29T01:22:58.583Z", "user": 1, "content_type": 27, "object_id": "4", "object_repr": "Lago Aya", "action_flag": 1, "change_message": "[{\"added\": {}}]"}}, {"model": "admin.logentry", "pk": 144, "fields": {"action_time": "2020-05-29T01:24:42.716Z", "user": 1, "content_type": 27, "object_id": "5", "object_repr": "Kpovl\u00e9 Amichia", "action_flag": 1, "change_message": "[{\"added\": {}}]"}}, {"model": "admin.logentry", "pk": 145, "fields": {"action_time": "2020-05-29T01:26:21.285Z", "user": 1, "content_type": 27, "object_id": "6", "object_repr": "Bakayoko Myriam", "action_flag": 1, "change_message": "[{\"added\": {}}]"}}, {"model": "admin.logentry", "pk": 146, "fields": {"action_time": "2020-05-29T01:28:53.973Z", "user": 1, "content_type": 27, "object_id": "7", "object_repr": "Zabra Enock", "action_flag": 1, "change_message": "[{\"added\": {}}]"}}, {"model": "admin.logentry", "pk": 147, "fields": {"action_time": "2020-05-29T08:01:09.571Z", "user": 1, "content_type": 29, "object_id": "1", "object_repr": "0022578787878", "action_flag": 1, "change_message": "[{\"added\": {}}]"}}, {"model": "admin.logentry", "pk": 148, "fields": {"action_time": "2020-05-29T09:12:18.553Z", "user": 1, "content_type": 29, "object_id": "2", "object_repr": "Dimanche", "action_flag": 1, "change_message": "[{\"added\": {}}]"}}, {"model": "admin.logentry", "pk": 149, "fields": {"action_time": "2020-05-29T13:08:38.072Z", "user": 1, "content_type": 29, "object_id": "3", "object_repr": "Samedi", "action_flag": 1, "change_message": "[{\"added\": {}}]"}}, {"model": "admin.logentry", "pk": 150, "fields": {"action_time": "2020-05-29T14:19:29.455Z", "user": 1, "content_type": 29, "object_id": "4", "object_repr": "Jours de la semaine", "action_flag": 1, "change_message": "[{\"added\": {}}]"}}, {"model": "admin.logentry", "pk": 151, "fields": {"action_time": "2020-05-29T15:06:12.278Z", "user": 1, "content_type": 30, "object_id": "1", "object_repr": "Heures d'ouvertures", "action_flag": 1, "change_message": "[{\"added\": {}}]"}}, {"model": "admin.logentry", "pk": 152, "fields": {"action_time": "2020-05-29T15:13:49.472Z", "user": 1, "content_type": 29, "object_id": "1", "object_repr": "Week Days", "action_flag": 3, "change_message": ""}}, {"model": "admin.logentry", "pk": 153, "fields": {"action_time": "2020-05-30T08:11:56.197Z", "user": 1, "content_type": 29, "object_id": "4", "object_repr": "Autre", "action_flag": 2, "change_message": "[{\"changed\": {\"fields\": [\"jours\"]}}]"}}, {"model": "admin.logentry", "pk": 154, "fields": {"action_time": "2020-05-30T16:08:41.506Z", "user": 1, "content_type": 29, "object_id": "4", "object_repr": "1", "action_flag": 2, "change_message": "[{\"changed\": {\"fields\": [\"Jours\"]}}]"}}, {"model": "admin.logentry", "pk": 155, "fields": {"action_time": "2020-05-30T16:08:50.171Z", "user": 1, "content_type": 29, "object_id": "3", "object_repr": "6", "action_flag": 2, "change_message": "[{\"changed\": {\"fields\": [\"Jours\"]}}]"}}, {"model": "admin.logentry", "pk": 156, "fields": {"action_time": "2020-05-30T16:08:58.220Z", "user": 1, "content_type": 29, "object_id": "2", "object_repr": "7", "action_flag": 2, "change_message": "[{\"changed\": {\"fields\": [\"Jours\"]}}]"}}, {"model": "admin.logentry", "pk": 157, "fields": {"action_time": "2020-05-31T16:38:10.237Z", "user": 1, "content_type": 31, "object_id": "1", "object_repr": "Billets disponible", "action_flag": 1, "change_message": "[{\"added\": {}}]"}}, {"model": "admin.logentry", "pk": 158, "fields": {"action_time": "2020-05-31T16:38:38.091Z", "user": 1, "content_type": 31, "object_id": "2", "object_repr": "Billets \u00e9puis\u00e9s", "action_flag": 1, "change_message": "[{\"added\": {}}]"}}, {"model": "admin.logentry", "pk": 159, "fields": {"action_time": "2020-05-31T16:43:27.913Z", "user": 1, "content_type": 32, "object_id": "1", "object_repr": "Festivals de grillades", "action_flag": 1, "change_message": "[{\"added\": {}}]"}}, {"model": "admin.logentry", "pk": 160, "fields": {"action_time": "2020-05-31T16:44:05.293Z", "user": 1, "content_type": 32, "object_id": "2", "object_repr": "Festivals d'alloco", "action_flag": 1, "change_message": "[{\"added\": {}}]"}}, {"model": "admin.logentry", "pk": 161, "fields": {"action_time": "2020-05-31T16:44:43.514Z", "user": 1, "content_type": 32, "object_id": "3", "object_repr": "Festivals de Bock", "action_flag": 1, "change_message": "[{\"added\": {}}]"}}, {"model": "admin.logentry", "pk": 162, "fields": {"action_time": "2020-05-31T16:47:16.564Z", "user": 1, "content_type": 32, "object_id": "4", "object_repr": "Festivals de porcs", "action_flag": 1, "change_message": "[{\"added\": {}}]"}}, {"model": "admin.logentry", "pk": 163, "fields": {"action_time": "2020-05-31T17:13:30.672Z", "user": 1, "content_type": 21, "object_id": "1", "object_repr": "D\u00eener priv\u00e9 et \u00e9v\u00e9nements", "action_flag": 1, "change_message": "[{\"added\": {}}]"}}]